Order ID,Customer ID,Order Date,Region,City,Category,Sub-Category,Quantity,Gross Revenue,Discount %,Revenue,Marketing Cost,New Customer,Customer Status,Order Month,Year,Profit
ORD00910,CUST0027,2025-01-01,South,Bengaluru,Office Supplies,Writing,4,1669.37,0.1,1502.43,1799.21,No,Churned,2025-01,2025,266.32
ORD00491,CUST0463,2025-01-01,East,Bhubaneswar,Electronics,Mobiles,5,174683.19,0.06,164202.2,1453.14,No,Active,2025-01,2025,24929.88
ORD00622,CUST0198,2025-01-01,South,Hyderabad,Electronics,Laptops,2,126663.97,0.13,110197.65,522.56,Yes,Active,2025-01,2025,15254.89
ORD00772,CUST0390,2025-01-02,North,Delhi,Office Supplies,Writing,4,1327.04,0.11,1181.07,1432.27,Yes,Active,2025-01,2025,298.48
ORD00099,CUST0202,2025-01-05,South,Chennai,Furniture,Tables,1,9196.47,0.05,8736.65,1361.04,No,Active,2025-01,2025,1756.76
ORD00268,CUST0111,2025-01-05,East,Bhubaneswar,Furniture,Chairs,4,27726.43,0.06,26062.84,814.63,No,Active,2025-01,2025,4645.32
ORD00353,CUST0388,2025-01-06,North,Lucknow,Office Supplies,Paper,3,1356.6,0.05,1288.77,2441.41,No,Active,2025-01,2025,353.38
ORD00352,CUST0157,2025-01-06,North,Delhi,Furniture,Storage,2,11817.4,0.14,10162.96,1863.97,No,Active,2025-01,2025,2305.47
ORD00198,CUST0406,2025-01-08,East,Patna,Electronics,Accessories,1,1647.35,0.18,1350.83,1814.39,No,Active,2025-01,2025,288.05
ORD00414,CUST0175,2025-01-08,North,Delhi,Electronics,Mobiles,4,85431.91,0.14,73471.44,847.2,No,Active,2025-01,2025,18647.66
ORD00311,CUST0374,2025-01-08,East,Patna,Office Supplies,Writing,3,835.44,0.04,802.02,902.98,No,Active,2025-01,2025,213.98
ORD00957,CUST0146,2025-01-09,East,Ranchi,Electronics,Laptops,1,59668.25,0.03,57878.2,2182.3,No,Active,2025-01,2025,14092.95
ORD00587,CUST0446,2025-01-09,South,Kochi,Furniture,Chairs,2,10149.26,0.11,9032.84,992.57,Yes,Active,2025-01,2025,1799.35
ORD00817,CUST0028,2025-01-09,North,Delhi,Electronics,Mobiles,2,45334.98,0.05,43068.23,1435.5,No,Active,2025-01,2025,8108.62
ORD00399,CUST0499,2025-01-10,East,Ranchi,Electronics,Laptops,5,234654.89,0.15,199456.66,2271.82,No,Active,2025-01,2025,51639.27
ORD00655,CUST0230,2025-01-10,South,Kochi,Office Supplies,Paper,4,2120.24,0.07,1971.82,1268.49,No,Active,2025-01,2025,420.44
ORD00360,CUST0010,2025-01-10,West,Ahmedabad,Office Supplies,Writing,4,1615.4,0.09,1470.01,1710.78,No,Active,2025-01,2025,362.78
ORD00154,CUST0155,2025-01-11,West,Pune,Office Supplies,Binders,1,688.14,0.18,564.27,1894.85,No,Active,2025-01,2025,158.15
ORD00805,CUST0431,2025-01-12,South,Kochi,Electronics,Accessories,3,4567.69,0.0,4567.69,1677.16,No,Active,2025-01,2025,1301.15
ORD00241,CUST0309,2025-01-12,South,Chennai,Office Supplies,Binders,2,1503.22,0.08,1382.96,533.4,Yes,Active,2025-01,2025,235.09
ORD00581,CUST0098,2025-01-12,South,Bengaluru,Electronics,Laptops,3,205580.86,0.11,182966.97,1735.72,Yes,Active,2025-01,2025,28144.01
ORD00225,CUST0048,2025-01-13,South,Kochi,Office Supplies,Binders,4,2158.0,0.05,2050.1,2060.34,Yes,Active,2025-01,2025,342.43
ORD00329,CUST0394,2025-01-13,East,Bhubaneswar,Office Supplies,Writing,1,403.97,0.09,367.61,1508.74,No,Active,2025-01,2025,93.83
ORD00729,CUST0098,2025-01-13,North,Jaipur,Furniture,Chairs,1,5895.64,0.17,4893.38,2089.5,No,Active,2025-01,2025,913.16
ORD01129,CUST0262,2025-01-13,South,Hyderabad,Furniture,Chairs,4,30167.69,0.18,24737.51,2342.34,No,Churned,2025-01,2025,3740.56
ORD00508,CUST0413,2025-01-13,West,Pune,Electronics,Mobiles,4,113683.5,0.03,110273.0,720.66,Yes,Active,2025-01,2025,15185.63
ORD00949,CUST0465,2025-01-14,South,Bengaluru,Furniture,Tables,5,45666.33,0.17,37903.05,2414.94,Yes,Active,2025-01,2025,6781.48
ORD01067,CUST0312,2025-01-14,North,Jaipur,Furniture,Tables,3,25776.38,0.19,20878.87,957.83,No,Active,2025-01,2025,3017.09
ORD01019,CUST0082,2025-01-15,East,Ranchi,Office Supplies,Writing,2,696.23,0.06,654.46,385.97,Yes,Active,2025-01,2025,96.96
ORD01118,CUST0224,2025-01-15,North,Delhi,Electronics,Laptops,5,334262.31,0.02,327577.06,1580.1,Yes,Active,2025-01,2025,79633.69
ORD00733,CUST0312,2025-01-15,North,Delhi,Furniture,Storage,1,3967.77,0.12,3491.64,515.29,No,Active,2025-01,2025,431.4
ORD00549,CUST0249,2025-01-16,South,Hyderabad,Office Supplies,Binders,1,606.42,0.14,521.52,1672.71,No,Active,2025-01,2025,73.62
ORD00872,CUST0338,2025-01-16,East,Patna,Furniture,Tables,4,51748.67,0.07,48126.26,2132.61,No,Active,2025-01,2025,13089.66
ORD00715,CUST0500,2025-01-17,East,Ranchi,Furniture,Storage,2,8911.84,0.15,7575.06,1272.07,No,Active,2025-01,2025,2061.06
ORD00053,CUST0264,2025-01-17,West,Surat,Electronics,Mobiles,3,87348.71,0.18,71625.94,2262.92,No,Churned,2025-01,2025,12839.94
ORD00574,CUST0144,2025-01-18,South,Kochi,Office Supplies,Paper,5,2948.45,0.16,2476.7,2290.92,Yes,Active,2025-01,2025,336.41
ORD00074,CUST0390,2025-01-18,South,Hyderabad,Electronics,Laptops,2,122677.09,0.13,106729.07,914.12,No,Active,2025-01,2025,26350.84
ORD00906,CUST0206,2025-01-18,South,Kochi,Electronics,Accessories,5,8307.89,0.0,8307.89,2437.34,No,Active,2025-01,2025,1535.5
ORD00973,CUST0224,2025-01-19,North,Delhi,Electronics,Accessories,1,1657.68,0.01,1641.1,1912.94,No,Active,2025-01,2025,210.36
ORD00340,CUST0097,2025-01-21,East,Kolkata,Furniture,Chairs,4,27165.5,0.01,26893.84,408.57,Yes,Active,2025-01,2025,3991.28
ORD01008,CUST0410,2025-01-21,North,Jaipur,Office Supplies,Writing,2,643.58,0.19,521.3,2311.77,No,Active,2025-01,2025,75.43
ORD00374,CUST0172,2025-01-22,East,Bhubaneswar,Office Supplies,Binders,1,598.31,0.0,598.31,547.25,No,Active,2025-01,2025,135.24
ORD00634,CUST0085,2025-01-23,North,Lucknow,Office Supplies,Binders,1,815.44,0.12,717.59,1535.49,Yes,Churned,2025-01,2025,202.12
ORD01056,CUST0499,2025-01-23,North,Jaipur,Furniture,Storage,4,22569.28,0.02,22117.89,2259.03,No,Active,2025-01,2025,5811.54
ORD00303,CUST0379,2025-01-23,West,Pune,Electronics,Laptops,5,331644.44,0.0,331644.44,1464.66,Yes,Active,2025-01,2025,72422.15
ORD00430,CUST0207,2025-01-24,East,Bhubaneswar,Furniture,Chairs,2,11883.04,0.15,10100.58,467.87,No,Churned,2025-01,2025,1979.59
ORD00797,CUST0351,2025-01-24,North,Chandigarh,Office Supplies,Paper,3,1827.54,0.2,1462.03,1596.43,No,Active,2025-01,2025,338.26
ORD00964,CUST0194,2025-01-25,West,Surat,Office Supplies,Binders,3,2305.58,0.04,2213.36,2107.38,No,Churned,2025-01,2025,442.42
ORD00800,CUST0047,2025-01-26,West,Mumbai,Electronics,Accessories,5,7552.87,0.03,7326.28,2087.75,No,Churned,2025-01,2025,1203.69
ORD00610,CUST0177,2025-01-26,East,Bhubaneswar,Electronics,Laptops,4,178052.67,0.13,154905.82,1379.53,No,Active,2025-01,2025,37526.79
ORD00971,CUST0312,2025-01-29,East,Patna,Furniture,Chairs,4,22178.07,0.13,19294.92,2130.93,Yes,Active,2025-01,2025,5348.24
ORD00120,CUST0278,2025-01-30,North,Lucknow,Electronics,Mobiles,4,106071.62,0.06,99707.32,638.72,No,Active,2025-01,2025,18656.9
ORD00363,CUST0233,2025-01-30,North,Jaipur,Office Supplies,Paper,5,1898.68,0.02,1860.71,1125.22,No,Active,2025-01,2025,505.14
ORD00494,CUST0146,2025-01-30,South,Hyderabad,Electronics,Laptops,1,42794.46,0.0,42794.46,2488.11,No,Active,2025-01,2025,8455.96
ORD00586,CUST0059,2025-01-30,West,Surat,Office Supplies,Binders,3,2024.56,0.2,1619.65,596.44,No,Active,2025-01,2025,311.36
ORD00869,CUST0378,2025-01-30,West,Pune,Electronics,Laptops,3,192754.29,0.18,158058.52,1526.34,No,Active,2025-01,2025,19772.87
ORD00438,CUST0228,2025-01-31,East,Kolkata,Electronics,Mobiles,2,42143.91,0.07,39193.84,1299.27,Yes,Churned,2025-01,2025,9608.38
ORD00561,CUST0186,2025-01-31,East,Ranchi,Furniture,Tables,3,25273.42,0.18,20724.2,1000.59,No,Active,2025-01,2025,5499.18
ORD00317,CUST0263,2025-01-31,West,Ahmedabad,Furniture,Tables,3,25260.36,0.14,21723.91,2339.41,Yes,Active,2025-01,2025,5201.58
ORD00122,CUST0203,2025-01-31,North,Lucknow,Electronics,Accessories,1,2071.52,0.13,1802.22,836.0,No,Active,2025-01,2025,265.37
ORD00784,CUST0429,2025-01-31,East,Patna,Furniture,Storage,4,15220.86,0.14,13089.94,1804.53,Yes,Active,2025-01,2025,1814.17
ORD01143,CUST0131,2025-02-01,East,Kolkata,Electronics,Mobiles,1,32118.55,0.14,27621.95,1575.64,No,Active,2025-02,2025,6162.86
ORD00699,CUST0289,2025-02-01,South,Kochi,Electronics,Mobiles,5,119150.46,0.18,97703.38,1592.91,Yes,Active,2025-02,2025,18785.71
ORD00916,CUST0118,2025-02-01,South,Bengaluru,Electronics,Accessories,4,7259.86,0.1,6533.87,1386.47,No,Active,2025-02,2025,1288.72
ORD00540,CUST0310,2025-02-01,South,Hyderabad,Furniture,Tables,1,9942.37,0.2,7953.9,2319.07,Yes,Active,2025-02,2025,2340.07
ORD00141,CUST0474,2025-02-01,East,Patna,Electronics,Laptops,4,185821.2,0.1,167239.08,691.34,No,Active,2025-02,2025,41860.96
ORD00767,CUST0357,2025-02-01,North,Delhi,Electronics,Accessories,2,3572.44,0.15,3036.57,1158.19,No,Active,2025-02,2025,589.46
ORD00088,CUST0413,2025-02-02,North,Chandigarh,Electronics,Mobiles,5,120044.16,0.18,98436.21,1437.41,No,Active,2025-02,2025,12150.76
ORD00690,CUST0087,2025-02-03,South,Chennai,Office Supplies,Paper,2,956.55,0.06,899.16,2184.55,Yes,Active,2025-02,2025,113.42
ORD00793,CUST0032,2025-02-03,North,Lucknow,Furniture,Tables,5,60523.81,0.05,57497.62,1066.93,No,Active,2025-02,2025,13987.14
ORD00564,CUST0204,2025-02-03,West,Ahmedabad,Furniture,Tables,3,38083.12,0.02,37321.46,1921.54,No,Churned,2025-02,2025,10106.39
ORD00269,CUST0108,2025-02-03,West,Surat,Office Supplies,Paper,5,2836.15,0.16,2382.37,741.39,Yes,Active,2025-02,2025,589.37
ORD00554,CUST0157,2025-02-04,East,Patna,Electronics,Laptops,2,107371.14,0.08,98781.45,973.63,No,Active,2025-02,2025,19070.73
ORD00046,CUST0079,2025-02-05,East,Ranchi,Furniture,Storage,4,24306.42,0.19,19688.2,1624.36,No,Active,2025-02,2025,2472.93
ORD00764,CUST0262,2025-02-05,South,Bengaluru,Electronics,Mobiles,4,96271.06,0.1,86643.95,815.24,No,Churned,2025-02,2025,25484.78
ORD00498,CUST0109,2025-02-05,East,Patna,Electronics,Laptops,4,183420.57,0.02,179752.16,394.97,No,Active,2025-02,2025,53483.55
ORD00298,CUST0368,2025-02-05,West,Surat,Furniture,Storage,4,16957.56,0.17,14074.77,1962.95,Yes,Active,2025-02,2025,3080.76
ORD00687,CUST0372,2025-02-06,South,Bengaluru,Electronics,Mobiles,3,82845.65,0.06,77874.91,2238.21,No,Churned,2025-02,2025,10335.62
ORD00649,CUST0360,2025-02-06,East,Kolkata,Office Supplies,Writing,4,1647.05,0.09,1498.82,2116.01,No,Active,2025-02,2025,325.81
ORD00821,CUST0018,2025-02-06,West,Ahmedabad,Office Supplies,Paper,5,2810.02,0.1,2529.02,957.5,No,Active,2025-02,2025,709.7
ORD00604,CUST0208,2025-02-07,South,Kochi,Electronics,Laptops,5,245246.09,0.16,206006.72,1915.48,No,Churned,2025-02,2025,49935.49
ORD00479,CUST0262,2025-02-07,North,Chandigarh,Electronics,Accessories,5,8128.35,0.12,7152.95,2072.34,No,Active,2025-02,2025,1785.36
ORD00691,CUST0219,2025-02-08,South,Bengaluru,Electronics,Laptops,1,46732.0,0.15,39722.2,2340.88,No,Active,2025-02,2025,5374.2
ORD00506,CUST0333,2025-02-08,North,Jaipur,Electronics,Laptops,5,268299.16,0.18,220005.31,2496.11,No,Churned,2025-02,2025,30618.6
ORD00841,CUST0312,2025-02-08,West,Mumbai,Office Supplies,Paper,2,1199.18,0.07,1115.24,2193.78,No,Active,2025-02,2025,159.39
ORD00895,CUST0234,2025-02-09,East,Patna,Electronics,Mobiles,2,53264.6,0.15,45274.91,2189.23,Yes,Active,2025-02,2025,12803.19
ORD00954,CUST0264,2025-02-09,East,Kolkata,Office Supplies,Binders,4,2542.7,0.2,2034.16,531.58,No,Active,2025-02,2025,436.64
ORD00255,CUST0377,2025-02-10,North,Delhi,Electronics,Accessories,5,10042.03,0.14,8636.15,1250.22,Yes,Active,2025-02,2025,2266.85
ORD00832,CUST0271,2025-02-11,North,Delhi,Furniture,Tables,2,25538.06,0.01,25282.68,421.24,Yes,Active,2025-02,2025,3558.6
ORD00480,CUST0354,2025-02-12,East,Bhubaneswar,Furniture,Storage,2,9130.54,0.15,7760.96,428.21,Yes,Active,2025-02,2025,2227.21
ORD00618,CUST0069,2025-02-13,East,Patna,Office Supplies,Writing,2,565.45,0.04,542.83,2179.37,No,Churned,2025-02,2025,145.37
ORD00500,CUST0345,2025-02-13,East,Ranchi,Furniture,Chairs,5,24915.6,0.05,23669.82,1004.24,No,Active,2025-02,2025,3798.0
ORD00070,CUST0283,2025-02-13,South,Bengaluru,Electronics,Accessories,2,3523.4,0.09,3206.29,460.26,Yes,Active,2025-02,2025,889.27
ORD00514,CUST0461,2025-02-14,South,Chennai,Furniture,Tables,2,23909.01,0.09,21757.2,1892.78,No,Active,2025-02,2025,3642.58
ORD00615,CUST0167,2025-02-15,South,Kochi,Electronics,Accessories,3,5238.19,0.02,5133.43,2285.57,No,Active,2025-02,2025,805.75
ORD01110,CUST0081,2025-02-15,West,Ahmedabad,Electronics,Laptops,4,273535.64,0.06,257123.5,1048.48,No,Active,2025-02,2025,43084.62
ORD00482,CUST0136,2025-02-15,South,Bengaluru,Office Supplies,Writing,1,323.71,0.11,288.1,2223.72,Yes,Active,2025-02,2025,81.76
ORD00835,CUST0342,2025-02-16,North,Delhi,Furniture,Storage,1,5778.93,0.1,5201.04,775.48,Yes,Active,2025-02,2025,1481.29
ORD00427,CUST0028,2025-02-16,North,Delhi,Electronics,Laptops,1,66325.01,0.12,58366.01,2189.25,Yes,Active,2025-02,2025,10460.31
ORD00381,CUST0402,2025-02-16,East,Ranchi,Electronics,Accessories,1,2188.53,0.09,1991.56,1133.81,Yes,Active,2025-02,2025,491.87
ORD01197,CUST0308,2025-02-17,South,Kochi,Electronics,Mobiles,3,81904.61,0.12,72076.06,1627.88,No,Active,2025-02,2025,17416.04
ORD00614,CUST0335,2025-02-18,South,Chennai,Electronics,Laptops,3,135217.68,0.01,133865.5,2375.82,No,Active,2025-02,2025,35498.62
ORD00529,CUST0327,2025-02-19,South,Bengaluru,Office Supplies,Writing,5,1404.73,0.06,1320.45,481.35,Yes,Active,2025-02,2025,228.93
ORD01020,CUST0334,2025-02-19,North,Lucknow,Electronics,Laptops,2,89833.95,0.18,73663.84,1704.8,Yes,Active,2025-02,2025,15603.84
ORD00227,CUST0309,2025-02-19,North,Lucknow,Electronics,Laptops,1,56371.26,0.0,56371.26,1994.5,No,Active,2025-02,2025,13539.32
ORD00116,CUST0386,2025-02-19,East,Ranchi,Furniture,Tables,2,23963.4,0.09,21806.69,1265.07,No,Active,2025-02,2025,2719.87
ORD00391,CUST0280,2025-02-20,West,Surat,Furniture,Chairs,3,15156.04,0.04,14549.8,388.62,Yes,Active,2025-02,2025,2732.64
ORD01038,CUST0452,2025-02-20,West,Ahmedabad,Electronics,Accessories,3,5630.3,0.02,5517.69,2143.32,No,Churned,2025-02,2025,1353.27
ORD00857,CUST0287,2025-02-21,West,Pune,Furniture,Storage,2,11372.1,0.07,10576.05,1789.35,No,Active,2025-02,2025,1749.99
ORD00845,CUST0463,2025-02-21,North,Jaipur,Office Supplies,Paper,4,2221.13,0.04,2132.28,2005.73,No,Active,2025-02,2025,623.45
ORD00943,CUST0059,2025-02-21,East,Bhubaneswar,Office Supplies,Writing,5,1657.33,0.18,1359.01,2127.69,No,Active,2025-02,2025,170.46
ORD00557,CUST0094,2025-02-22,East,Kolkata,Office Supplies,Binders,1,810.28,0.15,688.74,917.16,No,Active,2025-02,2025,201.43
ORD00280,CUST0422,2025-02-22,South,Kochi,Furniture,Storage,5,27509.07,0.19,22282.35,1352.22,No,Churned,2025-02,2025,3543.28
ORD00233,CUST0456,2025-02-22,East,Bhubaneswar,Furniture,Tables,3,34939.23,0.12,30746.52,2416.83,No,Active,2025-02,2025,3959.78
ORD00420,CUST0244,2025-02-24,South,Chennai,Office Supplies,Paper,2,1049.98,0.13,913.48,380.14,Yes,Active,2025-02,2025,157.71
ORD00135,CUST0148,2025-02-24,West,Surat,Office Supplies,Writing,3,1085.12,0.05,1030.86,309.03,No,Active,2025-02,2025,269.6
ORD00799,CUST0310,2025-02-24,North,Lucknow,Electronics,Accessories,4,7190.11,0.13,6255.4,1925.64,Yes,Active,2025-02,2025,1597.88
ORD00367,CUST0419,2025-02-24,South,Chennai,Furniture,Chairs,1,6950.09,0.19,5629.57,2352.77,No,Active,2025-02,2025,887.17
ORD00460,CUST0267,2025-02-24,West,Surat,Furniture,Storage,5,29006.9,0.0,29006.9,2253.24,Yes,Active,2025-02,2025,4508.32
ORD00736,CUST0120,2025-02-25,West,Surat,Office Supplies,Binders,5,3083.06,0.18,2528.11,714.45,No,Active,2025-02,2025,595.79
ORD00236,CUST0255,2025-02-26,East,Bhubaneswar,Electronics,Laptops,2,88680.05,0.15,75378.04,1152.77,No,Active,2025-02,2025,15260.65
ORD00063,CUST0321,2025-02-27,North,Lucknow,Electronics,Mobiles,2,68349.35,0.17,56729.96,1904.71,No,Active,2025-02,2025,14897.98
ORD00837,CUST0374,2025-02-27,West,Pune,Electronics,Accessories,2,2803.16,0.1,2522.84,1249.65,No,Active,2025-02,2025,313.7
ORD00621,CUST0236,2025-02-27,East,Patna,Electronics,Accessories,4,5451.77,0.1,4906.59,536.31,Yes,Active,2025-02,2025,1127.9
ORD01105,CUST0429,2025-02-27,South,Chennai,Office Supplies,Writing,4,1443.35,0.12,1270.15,519.97,Yes,Active,2025-02,2025,319.47
ORD00566,CUST0013,2025-02-28,South,Kochi,Electronics,Accessories,3,5568.56,0.03,5401.5,2201.99,No,Active,2025-02,2025,1614.02
ORD00015,CUST0453,2025-02-28,East,Bhubaneswar,Furniture,Chairs,4,32181.15,0.05,30572.09,490.85,No,Churned,2025-02,2025,7403.97
ORD00338,CUST0092,2025-03-01,West,Pune,Furniture,Storage,3,14519.96,0.05,13793.96,417.61,No,Active,2025-03,2025,2230.93
ORD00212,CUST0297,2025-03-03,West,Pune,Electronics,Accessories,5,10926.23,0.19,8850.25,2113.39,Yes,Churned,2025-03,2025,1234.38
ORD01193,CUST0336,2025-03-03,North,Jaipur,Furniture,Chairs,3,21517.82,0.05,20441.93,1793.58,No,Active,2025-03,2025,4811.32
ORD00858,CUST0169,2025-03-04,West,Ahmedabad,Furniture,Chairs,3,18384.15,0.02,18016.47,1393.93,Yes,Active,2025-03,2025,3858.64
ORD00536,CUST0184,2025-03-06,South,Kochi,Office Supplies,Binders,5,4158.34,0.0,4158.34,1519.08,No,Active,2025-03,2025,1172.01
ORD00532,CUST0462,2025-03-07,East,Patna,Furniture,Chairs,2,11579.05,0.0,11579.05,1353.14,No,Active,2025-03,2025,2903.9
ORD00081,CUST0120,2025-03-07,West,Pune,Furniture,Storage,1,5920.42,0.04,5683.6,1450.95,No,Active,2025-03,2025,1203.52
ORD01032,CUST0476,2025-03-07,East,Kolkata,Electronics,Laptops,4,239144.17,0.16,200881.1,1193.44,No,Active,2025-03,2025,38698.96
ORD00473,CUST0189,2025-03-08,West,Surat,Office Supplies,Paper,3,1654.23,0.08,1521.89,2333.89,No,Active,2025-03,2025,293.4
ORD01150,CUST0174,2025-03-08,North,Jaipur,Electronics,Laptops,5,314627.63,0.14,270579.76,1278.46,Yes,Churned,2025-03,2025,43491.58
ORD00313,CUST0296,2025-03-09,East,Kolkata,Office Supplies,Writing,5,1404.09,0.04,1347.93,1129.79,No,Active,2025-03,2025,165.96
ORD00197,CUST0220,2025-03-10,South,Hyderabad,Furniture,Tables,3,32194.69,0.07,29941.06,534.41,No,Active,2025-03,2025,6691.35
ORD00312,CUST0282,2025-03-10,West,Ahmedabad,Office Supplies,Paper,3,1364.02,0.19,1104.86,2062.56,Yes,Churned,2025-03,2025,174.83
ORD00852,CUST0348,2025-03-10,South,Hyderabad,Furniture,Chairs,1,5783.82,0.0,5783.82,670.06,No,Active,2025-03,2025,910.94
ORD01085,CUST0157,2025-03-11,South,Bengaluru,Electronics,Laptops,1,53810.09,0.13,46814.78,679.38,No,Active,2025-03,2025,6674.32
ORD01133,CUST0272,2025-03-11,South,Bengaluru,Furniture,Chairs,2,12075.41,0.07,11230.13,1317.91,No,Active,2025-03,2025,1730.87
ORD00092,CUST0036,2025-03-12,East,Kolkata,Electronics,Laptops,4,177812.56,0.11,158253.18,1799.79,No,Active,2025-03,2025,19895.91
ORD01069,CUST0104,2025-03-12,North,Delhi,Electronics,Mobiles,1,25359.35,0.14,21809.04,1776.69,No,Active,2025-03,2025,5263.87
ORD00823,CUST0419,2025-03-13,South,Bengaluru,Office Supplies,Paper,2,1102.17,0.0,1102.17,555.6,No,Active,2025-03,2025,211.89
ORD00343,CUST0383,2025-03-14,West,Surat,Furniture,Tables,4,36901.18,0.03,35794.14,1965.82,No,Active,2025-03,2025,7913.17
ORD00880,CUST0325,2025-03-14,North,Jaipur,Office Supplies,Paper,1,419.9,0.16,352.72,2178.51,No,Active,2025-03,2025,82.77
ORD00920,CUST0455,2025-03-15,East,Ranchi,Office Supplies,Binders,3,2294.43,0.04,2202.65,1042.98,Yes,Active,2025-03,2025,649.89
ORD01113,CUST0377,2025-03-15,East,Patna,Furniture,Storage,5,30110.82,0.07,28003.06,334.88,Yes,Active,2025-03,2025,3704.46
ORD01190,CUST0012,2025-03-16,East,Bhubaneswar,Furniture,Storage,4,20128.63,0.07,18719.63,1179.12,No,Active,2025-03,2025,3654.54
ORD00582,CUST0173,2025-03-16,North,Jaipur,Office Supplies,Paper,3,1838.55,0.08,1691.47,1303.42,No,Active,2025-03,2025,277.84
ORD00345,CUST0108,2025-03-17,West,Surat,Office Supplies,Paper,5,2840.84,0.1,2556.76,1604.56,No,Active,2025-03,2025,526.2
ORD00707,CUST0351,2025-03-18,East,Kolkata,Office Supplies,Writing,2,809.31,0.04,776.94,1121.79,No,Active,2025-03,2025,221.96
ORD00502,CUST0222,2025-03-18,North,Chandigarh,Furniture,Chairs,2,12453.1,0.09,11332.32,1739.31,No,Active,2025-03,2025,2836.67
ORD00365,CUST0021,2025-03-19,West,Ahmedabad,Office Supplies,Paper,3,1281.3,0.02,1255.67,1001.9,No,Active,2025-03,2025,300.29
ORD00568,CUST0274,2025-03-19,East,Kolkata,Furniture,Storage,3,17118.75,0.01,16947.56,1264.72,No,Active,2025-03,2025,3379.75
ORD00659,CUST0489,2025-03-19,East,Patna,Office Supplies,Paper,3,1596.42,0.16,1340.99,1168.88,No,Churned,2025-03,2025,322.91
ORD00060,CUST0251,2025-03-19,North,Lucknow,Furniture,Chairs,3,19493.2,0.1,17543.88,1446.58,No,Active,2025-03,2025,2207.5
ORD00094,CUST0262,2025-03-20,South,Chennai,Furniture,Storage,4,17954.68,0.09,16338.76,2057.69,No,Active,2025-03,2025,3684.77
ORD00696,CUST0027,2025-03-20,East,Patna,Office Supplies,Paper,5,2781.61,0.06,2614.71,1504.29,No,Active,2025-03,2025,574.4
ORD00595,CUST0367,2025-03-20,East,Ranchi,Electronics,Laptops,5,321749.69,0.19,260617.25,548.72,No,Active,2025-03,2025,47535.36
ORD00931,CUST0263,2025-03-20,West,Mumbai,Electronics,Mobiles,5,109471.58,0.06,102903.29,902.89,No,Active,2025-03,2025,16080.96
ORD00047,CUST0023,2025-03-20,East,Bhubaneswar,Electronics,Accessories,3,5875.48,0.14,5052.91,1834.39,Yes,Active,2025-03,2025,1340.84
ORD00719,CUST0205,2025-03-21,East,Patna,Electronics,Mobiles,5,126102.41,0.18,103403.98,1770.71,Yes,Active,2025-03,2025,13411.0
ORD00061,CUST0434,2025-03-21,West,Ahmedabad,Electronics,Mobiles,5,112443.61,0.03,109070.3,629.51,No,Churned,2025-03,2025,14456.3
ORD00558,CUST0369,2025-03-22,South,Chennai,Furniture,Tables,5,65379.93,0.01,64726.13,2105.03,No,Churned,2025-03,2025,12899.52
ORD00617,CUST0065,2025-03-23,North,Chandigarh,Electronics,Mobiles,1,23972.0,0.19,19417.32,456.77,No,Active,2025-03,2025,3212.79
ORD00121,CUST0238,2025-03-23,East,Ranchi,Electronics,Laptops,4,231366.76,0.18,189720.74,1851.78,No,Active,2025-03,2025,48223.49
ORD00202,CUST0224,2025-03-24,East,Patna,Electronics,Laptops,4,268062.07,0.15,227852.76,713.44,Yes,Active,2025-03,2025,53352.68
ORD00288,CUST0497,2025-03-24,North,Delhi,Furniture,Tables,3,28455.94,0.0,28455.94,2179.8,No,Churned,2025-03,2025,7371.69
ORD00069,CUST0072,2025-03-24,East,Kolkata,Furniture,Storage,5,26455.35,0.05,25132.58,972.66,No,Active,2025-03,2025,4484.71
ORD01117,CUST0059,2025-03-25,West,Pune,Electronics,Laptops,3,128472.03,0.01,127187.31,914.83,No,Active,2025-03,2025,32215.71
ORD00959,CUST0256,2025-03-25,South,Bengaluru,Furniture,Chairs,2,11687.04,0.09,10635.21,861.51,No,Active,2025-03,2025,2926.96
ORD00671,CUST0113,2025-03-26,North,Lucknow,Office Supplies,Paper,2,1059.58,0.11,943.03,406.84,Yes,Active,2025-03,2025,171.77
ORD00836,CUST0214,2025-03-26,East,Bhubaneswar,Electronics,Laptops,5,272562.68,0.0,272562.68,703.49,No,Active,2025-03,2025,49383.25
ORD00889,CUST0357,2025-03-27,East,Ranchi,Office Supplies,Binders,3,1843.12,0.09,1677.24,849.17,No,Active,2025-03,2025,472.97
ORD00436,CUST0038,2025-03-27,East,Patna,Electronics,Laptops,4,172005.32,0.13,149644.63,870.68,No,Active,2025-03,2025,19298.51
ORD00390,CUST0249,2025-03-27,North,Jaipur,Office Supplies,Paper,2,914.28,0.18,749.71,2230.3,No,Churned,2025-03,2025,137.22
ORD00419,CUST0193,2025-03-27,East,Bhubaneswar,Furniture,Chairs,5,25714.1,0.03,24942.68,346.33,No,Churned,2025-03,2025,3525.92
ORD00700,CUST0348,2025-03-28,West,Pune,Office Supplies,Writing,5,1789.8,0.12,1575.02,2270.74,No,Churned,2025-03,2025,197.22
ORD00361,CUST0368,2025-03-28,East,Patna,Electronics,Mobiles,4,133611.18,0.1,120250.06,1210.02,No,Active,2025-03,2025,16873.07
ORD00211,CUST0078,2025-03-28,West,Surat,Electronics,Mobiles,1,21657.62,0.14,18625.55,2407.41,No,Active,2025-03,2025,3680.86
ORD01200,CUST0281,2025-03-28,North,Jaipur,Furniture,Chairs,4,24553.99,0.18,20134.27,623.17,No,Active,2025-03,2025,4905.76
ORD01098,CUST0430,2025-03-28,South,Hyderabad,Electronics,Laptops,5,212720.53,0.08,195702.89,1581.27,Yes,Churned,2025-03,2025,33674.76
ORD00710,CUST0294,2025-03-30,East,Kolkata,Electronics,Mobiles,3,86957.2,0.1,78261.48,864.7,No,Churned,2025-03,2025,21360.81
ORD01136,CUST0300,2025-03-30,West,Surat,Electronics,Laptops,3,133267.43,0.02,130602.08,2411.11,No,Active,2025-03,2025,25959.88
ORD00359,CUST0291,2025-03-31,North,Lucknow,Office Supplies,Paper,1,540.64,0.16,454.14,2252.59,No,Active,2025-03,2025,133.64
ORD00850,CUST0384,2025-03-31,South,Chennai,Electronics,Mobiles,5,122417.33,0.03,118744.81,2153.22,Yes,Active,2025-03,2025,34643.56
ORD01101,CUST0437,2025-03-31,West,Mumbai,Office Supplies,Binders,5,3350.21,0.08,3082.19,2158.54,Yes,Active,2025-03,2025,798.87
ORD00861,CUST0043,2025-04-01,East,Kolkata,Electronics,Laptops,4,247494.9,0.18,202945.82,2464.21,No,Active,2025-04,2025,58414.5
ORD00592,CUST0057,2025-04-01,East,Bhubaneswar,Office Supplies,Writing,3,1211.63,0.01,1199.51,618.85,Yes,Active,2025-04,2025,296.61
ORD00166,CUST0335,2025-04-02,North,Chandigarh,Electronics,Mobiles,3,96085.17,0.09,87437.5,1624.02,Yes,Churned,2025-04,2025,24587.86
ORD01079,CUST0256,2025-04-03,South,Chennai,Furniture,Storage,2,8507.03,0.13,7401.12,1427.73,No,Active,2025-04,2025,1203.17
ORD00142,CUST0250,2025-04-03,North,Jaipur,Furniture,Storage,3,14694.99,0.1,13225.49,2254.77,No,Active,2025-04,2025,2409.36
ORD00714,CUST0393,2025-04-05,East,Bhubaneswar,Electronics,Laptops,4,213814.85,0.12,188157.07,633.21,No,Active,2025-04,2025,48079.29
ORD00631,CUST0038,2025-04-05,North,Chandigarh,Office Supplies,Writing,3,1155.49,0.09,1051.5,1502.06,No,Active,2025-04,2025,206.54
ORD00191,CUST0053,2025-04-05,West,Pune,Electronics,Mobiles,5,112947.84,0.09,102782.53,2370.67,No,Active,2025-04,2025,27825.18
ORD00899,CUST0218,2025-04-05,West,Pune,Office Supplies,Binders,2,1433.26,0.14,1232.6,768.0,Yes,Active,2025-04,2025,342.63
ORD00523,CUST0259,2025-04-06,South,Hyderabad,Electronics,Accessories,4,6334.57,0.13,5511.08,1842.22,Yes,Active,2025-04,2025,958.66
ORD00237,CUST0033,2025-04-07,South,Bengaluru,Electronics,Mobiles,1,25647.81,0.17,21287.68,1011.03,No,Active,2025-04,2025,5709.81
ORD00128,CUST0327,2025-04-07,North,Delhi,Office Supplies,Binders,5,2886.0,0.16,2424.24,377.35,Yes,Churned,2025-04,2025,358.22
ORD00990,CUST0069,2025-04-07,East,Patna,Furniture,Storage,4,19881.18,0.1,17893.06,1142.46,Yes,Active,2025-04,2025,3223.53
ORD00986,CUST0199,2025-04-08,South,Hyderabad,Office Supplies,Binders,5,2836.31,0.14,2439.23,1884.22,Yes,Active,2025-04,2025,520.13
ORD01093,CUST0238,2025-04-10,East,Patna,Electronics,Laptops,5,223389.02,0.03,216687.35,1881.78,No,Active,2025-04,2025,34834.63
ORD00132,CUST0321,2025-04-10,North,Chandigarh,Office Supplies,Writing,2,830.86,0.17,689.61,1509.31,No,Active,2025-04,2025,154.66
ORD00921,CUST0240,2025-04-13,North,Jaipur,Office Supplies,Paper,3,1342.53,0.11,1194.85,1508.39,Yes,Churned,2025-04,2025,267.84
ORD00814,CUST0308,2025-04-13,East,Ranchi,Electronics,Accessories,1,2094.91,0.14,1801.62,496.94,No,Active,2025-04,2025,283.29
ORD00966,CUST0014,2025-04-13,North,Lucknow,Office Supplies,Binders,5,4367.14,0.18,3581.05,1687.87,No,Active,2025-04,2025,942.59
ORD00597,CUST0329,2025-04-13,North,Lucknow,Office Supplies,Binders,4,3092.46,0.14,2659.52,1966.61,No,Active,2025-04,2025,621.52
ORD00304,CUST0462,2025-04-14,South,Hyderabad,Electronics,Laptops,4,171702.16,0.2,137361.73,1359.5,Yes,Active,2025-04,2025,24340.07
ORD00552,CUST0435,2025-04-14,East,Ranchi,Electronics,Laptops,3,175284.78,0.2,140227.82,1412.44,No,Active,2025-04,2025,22687.92
ORD00254,CUST0416,2025-04-15,North,Lucknow,Furniture,Tables,3,29248.74,0.14,25153.92,2181.17,No,Active,2025-04,2025,6997.19
ORD00826,CUST0167,2025-04-15,East,Bhubaneswar,Electronics,Mobiles,5,126438.75,0.08,116323.65,713.63,No,Churned,2025-04,2025,31457.82
ORD00371,CUST0341,2025-04-15,East,Bhubaneswar,Furniture,Storage,5,18761.62,0.09,17073.07,2286.22,No,Active,2025-04,2025,2754.86
ORD00550,CUST0147,2025-04-16,West,Ahmedabad,Electronics,Accessories,1,2025.23,0.06,1903.72,1677.42,Yes,Active,2025-04,2025,240.65
ORD01167,CUST0106,2025-04-16,North,Chandigarh,Electronics,Laptops,3,132309.9,0.08,121725.11,2359.73,No,Active,2025-04,2025,32234.74
ORD00146,CUST0220,2025-04-16,West,Ahmedabad,Furniture,Chairs,3,16544.66,0.09,15055.64,2037.94,No,Active,2025-04,2025,3474.71
ORD00127,CUST0013,2025-04-16,South,Chennai,Electronics,Laptops,5,329321.48,0.05,312855.41,1940.61,Yes,Churned,2025-04,2025,43223.72
ORD01072,CUST0300,2025-04-16,South,Chennai,Electronics,Mobiles,1,32752.35,0.05,31114.73,2138.72,No,Active,2025-04,2025,7023.36
ORD00874,CUST0041,2025-04-17,North,Chandigarh,Office Supplies,Writing,4,1084.76,0.19,878.66,941.11,Yes,Active,2025-04,2025,176.96
ORD01194,CUST0422,2025-04-18,East,Patna,Electronics,Accessories,3,5816.74,0.07,5409.57,1162.33,No,Active,2025-04,2025,1403.35
ORD01061,CUST0475,2025-04-18,North,Delhi,Office Supplies,Writing,2,563.9,0.14,484.95,542.38,No,Active,2025-04,2025,76.45
ORD00663,CUST0375,2025-04-19,North,Lucknow,Electronics,Mobiles,4,125760.19,0.01,124502.59,2334.95,Yes,Churned,2025-04,2025,25095.76
ORD00641,CUST0012,2025-04-19,South,Bengaluru,Electronics,Mobiles,3,72261.37,0.15,61422.16,1830.94,No,Churned,2025-04,2025,9098.09
ORD00332,CUST0462,2025-04-19,North,Chandigarh,Furniture,Storage,1,4389.36,0.11,3906.53,919.94,No,Active,2025-04,2025,1142.09
ORD00775,CUST0214,2025-04-20,South,Bengaluru,Electronics,Mobiles,4,100781.45,0.09,91711.12,1442.16,No,Active,2025-04,2025,23860.75
ORD00387,CUST0074,2025-04-20,West,Mumbai,Furniture,Chairs,2,15510.87,0.03,15045.54,1075.92,Yes,Active,2025-04,2025,3800.65
ORD00873,CUST0278,2025-04-21,South,Kochi,Electronics,Mobiles,1,21573.08,0.18,17689.93,1835.98,Yes,Active,2025-04,2025,4320.54
ORD00570,CUST0051,2025-04-22,West,Mumbai,Electronics,Laptops,1,52212.67,0.13,45425.02,1673.22,No,Active,2025-04,2025,8912.41
ORD00750,CUST0401,2025-04-22,South,Hyderabad,Furniture,Chairs,3,20488.49,0.02,20078.72,570.43,No,Active,2025-04,2025,5746.35
ORD01097,CUST0273,2025-04-22,South,Chennai,Electronics,Laptops,4,173713.45,0.05,165027.78,2241.43,No,Active,2025-04,2025,21969.33
ORD01094,CUST0019,2025-04-22,West,Surat,Furniture,Tables,4,54151.12,0.06,50902.05,1552.95,Yes,Active,2025-04,2025,13468.0
ORD00392,CUST0488,2025-04-22,West,Ahmedabad,Office Supplies,Writing,4,1177.72,0.0,1177.72,2070.63,No,Active,2025-04,2025,186.95
ORD00779,CUST0356,2025-04-23,East,Patna,Office Supplies,Binders,3,2289.71,0.18,1877.56,878.66,No,Active,2025-04,2025,334.82
ORD00555,CUST0171,2025-04-23,North,Delhi,Office Supplies,Paper,1,559.77,0.2,447.82,1742.38,No,Active,2025-04,2025,95.61
ORD00045,CUST0114,2025-04-23,East,Patna,Office Supplies,Paper,3,1596.09,0.06,1500.32,798.82,Yes,Active,2025-04,2025,391.4
ORD00448,CUST0043,2025-04-23,South,Kochi,Office Supplies,Binders,1,870.3,0.13,757.16,2352.1,No,Churned,2025-04,2025,205.14
ORD00978,CUST0217,2025-04-23,East,Ranchi,Furniture,Tables,4,33193.1,0.14,28546.07,955.69,No,Active,2025-04,2025,6424.92
ORD00230,CUST0363,2025-04-23,North,Lucknow,Office Supplies,Writing,5,1741.61,0.12,1532.62,431.84,Yes,Active,2025-04,2025,295.1
ORD00924,CUST0472,2025-04-24,West,Mumbai,Furniture,Tables,5,45918.38,0.14,39489.81,1014.14,No,Active,2025-04,2025,11466.67
ORD00520,CUST0167,2025-04-24,South,Chennai,Electronics,Accessories,5,10108.63,0.01,10007.54,984.28,No,Active,2025-04,2025,1644.98
ORD00111,CUST0300,2025-04-25,East,Patna,Electronics,Accessories,3,6186.81,0.13,5382.52,887.76,Yes,Active,2025-04,2025,1423.98
ORD00866,CUST0200,2025-04-26,North,Jaipur,Office Supplies,Writing,1,330.37,0.1,297.33,1644.11,Yes,Active,2025-04,2025,68.44
ORD00722,CUST0272,2025-04-26,West,Mumbai,Electronics,Laptops,1,65731.51,0.01,65074.19,563.83,Yes,Active,2025-04,2025,12223.61
ORD01013,CUST0281,2025-04-26,South,Bengaluru,Electronics,Mobiles,5,164535.3,0.06,154663.18,2072.64,Yes,Active,2025-04,2025,18597.67
ORD00993,CUST0366,2025-04-27,South,Bengaluru,Furniture,Tables,2,21215.09,0.17,17608.52,1638.37,Yes,Active,2025-04,2025,3528.53
ORD00716,CUST0393,2025-04-27,East,Bhubaneswar,Office Supplies,Binders,5,2766.67,0.06,2600.67,1995.52,No,Active,2025-04,2025,441.62
ORD00102,CUST0013,2025-04-27,South,Kochi,Office Supplies,Writing,3,1244.22,0.03,1206.89,1642.1,No,Active,2025-04,2025,167.5
ORD00017,CUST0169,2025-04-27,East,Bhubaneswar,Electronics,Laptops,1,43084.08,0.05,40929.88,425.61,No,Active,2025-04,2025,5465.31
ORD00004,CUST0023,2025-04-27,West,Pune,Electronics,Accessories,1,2066.86,0.14,1777.5,1281.98,Yes,Active,2025-04,2025,324.5
ORD00608,CUST0281,2025-04-27,East,Kolkata,Electronics,Mobiles,1,21598.35,0.12,19006.55,2313.18,No,Active,2025-04,2025,4383.98
ORD00734,CUST0302,2025-04-27,East,Patna,Furniture,Storage,2,9936.92,0.13,8645.12,1567.55,No,Active,2025-04,2025,2340.7
ORD00893,CUST0308,2025-04-28,North,Chandigarh,Electronics,Accessories,5,8848.14,0.02,8671.18,2244.28,No,Active,2025-04,2025,1327.05
ORD00917,CUST0009,2025-04-28,South,Chennai,Furniture,Chairs,2,11599.9,0.15,9859.91,2415.52,No,Active,2025-04,2025,1936.84
ORD00316,CUST0452,2025-04-29,East,Bhubaneswar,Electronics,Mobiles,2,43705.25,0.11,38897.67,428.08,No,Active,2025-04,2025,7412.03
ORD00253,CUST0193,2025-04-30,East,Ranchi,Office Supplies,Writing,2,808.66,0.17,671.19,1182.76,No,Active,2025-04,2025,142.57
ORD00080,CUST0146,2025-04-30,East,Ranchi,Furniture,Tables,1,8861.65,0.05,8418.57,1636.44,Yes,Active,2025-04,2025,2237.03
ORD00644,CUST0213,2025-04-30,North,Lucknow,Furniture,Chairs,1,5557.17,0.08,5112.6,2429.85,Yes,Active,2025-04,2025,1123.01
ORD00642,CUST0091,2025-05-01,South,Bengaluru,Furniture,Chairs,2,10958.75,0.16,9205.35,662.07,No,Active,2025-05,2025,2507.52
ORD00509,CUST0102,2025-05-02,East,Ranchi,Furniture,Storage,1,4919.95,0.19,3985.16,988.03,No,Churned,2025-05,2025,850.19
ORD00010,CUST0104,2025-05-02,South,Chennai,Office Supplies,Paper,3,1348.56,0.17,1119.3,868.46,No,Active,2025-05,2025,255.98
ORD00185,CUST0415,2025-05-02,North,Delhi,Furniture,Storage,2,7629.05,0.04,7323.89,1237.47,No,Active,2025-05,2025,1455.47
ORD00157,CUST0475,2025-05-02,West,Surat,Office Supplies,Writing,2,611.59,0.16,513.74,1592.17,No,Active,2025-05,2025,137.76
ORD00274,CUST0134,2025-05-05,East,Bhubaneswar,Furniture,Storage,3,14505.39,0.1,13054.85,880.75,Yes,Active,2025-05,2025,3737.46
ORD01029,CUST0216,2025-05-07,North,Delhi,Electronics,Accessories,2,4417.1,0.02,4328.76,1798.31,Yes,Active,2025-05,2025,1017.46
ORD00018,CUST0072,2025-05-07,East,Bhubaneswar,Furniture,Chairs,1,5031.3,0.02,4930.67,1780.22,No,Churned,2025-05,2025,1320.14
ORD00140,CUST0105,2025-05-08,North,Chandigarh,Electronics,Mobiles,4,91117.39,0.12,80183.3,1859.36,Yes,Active,2025-05,2025,10473.59
ORD01154,CUST0021,2025-05-08,South,Kochi,Office Supplies,Writing,2,787.04,0.15,668.98,582.97,Yes,Active,2025-05,2025,189.39
ORD00364,CUST0171,2025-05-08,South,Bengaluru,Electronics,Accessories,3,6036.98,0.11,5372.91,1419.67,No,Active,2025-05,2025,827.46
ORD00031,CUST0072,2025-05-09,North,Lucknow,Office Supplies,Writing,1,275.56,0.16,231.47,456.44,Yes,Active,2025-05,2025,38.46
ORD00234,CUST0108,2025-05-10,East,Ranchi,Furniture,Chairs,5,27751.48,0.14,23866.27,937.83,Yes,Active,2025-05,2025,3093.05
ORD01174,CUST0302,2025-05-11,West,Surat,Furniture,Chairs,1,4919.4,0.15,4181.49,1045.25,No,Active,2025-05,2025,1228.4
ORD00638,CUST0099,2025-05-11,West,Surat,Electronics,Laptops,3,133503.35,0.02,130833.28,2252.74,No,Churned,2025-05,2025,35764.84
ORD00423,CUST0228,2025-05-12,South,Bengaluru,Furniture,Tables,4,53376.51,0.05,50707.68,2267.2,No,Active,2025-05,2025,14419.91
ORD00738,CUST0046,2025-05-12,North,Chandigarh,Office Supplies,Binders,3,2445.85,0.06,2299.1,477.56,No,Active,2025-05,2025,626.5
ORD00538,CUST0339,2025-05-12,West,Ahmedabad,Electronics,Laptops,3,142876.91,0.04,137161.83,1980.72,No,Active,2025-05,2025,28298.61
ORD00808,CUST0347,2025-05-13,North,Lucknow,Office Supplies,Paper,5,2133.74,0.05,2027.05,1409.73,No,Active,2025-05,2025,580.41
ORD00474,CUST0400,2025-05-13,East,Kolkata,Office Supplies,Binders,4,3391.07,0.04,3255.43,1447.84,Yes,Active,2025-05,2025,958.74
ORD01031,CUST0445,2025-05-14,West,Pune,Office Supplies,Binders,2,1454.05,0.08,1337.73,620.25,No,Active,2025-05,2025,281.54
ORD01119,CUST0249,2025-05-14,North,Lucknow,Furniture,Chairs,3,15117.45,0.17,12547.48,421.77,No,Active,2025-05,2025,1902.35
ORD00067,CUST0213,2025-05-15,East,Patna,Electronics,Laptops,5,206275.65,0.14,177397.06,1153.73,No,Active,2025-05,2025,42318.43
ORD00035,CUST0077,2025-05-15,South,Bengaluru,Furniture,Chairs,2,14757.91,0.08,13577.28,2099.13,Yes,Active,2025-05,2025,4013.16
ORD00907,CUST0258,2025-05-16,South,Hyderabad,Office Supplies,Binders,3,2261.48,0.13,1967.49,907.73,No,Active,2025-05,2025,544.97
ORD00535,CUST0302,2025-05-17,West,Mumbai,Electronics,Mobiles,5,156300.14,0.1,140670.13,2305.5,Yes,Churned,2025-05,2025,38702.11
ORD00751,CUST0052,2025-05-18,East,Ranchi,Electronics,Laptops,5,252892.79,0.01,250363.86,1663.05,No,Active,2025-05,2025,72126.63
ORD00327,CUST0078,2025-05-20,West,Ahmedabad,Electronics,Mobiles,1,25425.09,0.02,24916.59,2171.13,No,Churned,2025-05,2025,6999.35
ORD01141,CUST0064,2025-05-21,South,Bengaluru,Office Supplies,Binders,5,3077.74,0.1,2769.97,1436.18,Yes,Active,2025-05,2025,719.45
ORD00082,CUST0065,2025-05-21,East,Patna,Office Supplies,Paper,1,449.34,0.17,372.95,2223.85,Yes,Active,2025-05,2025,92.97
ORD00117,CUST0247,2025-05-22,North,Chandigarh,Furniture,Chairs,4,23700.3,0.03,22989.29,780.2,No,Active,2025-05,2025,3854.34
ORD00307,CUST0025,2025-05-22,East,Ranchi,Furniture,Storage,1,4547.61,0.17,3774.52,1683.52,No,Active,2025-05,2025,875.09
ORD00544,CUST0156,2025-05-22,South,Hyderabad,Electronics,Laptops,5,304012.63,0.01,300972.5,2003.35,No,Active,2025-05,2025,64368.37
ORD00648,CUST0294,2025-05-23,North,Jaipur,Electronics,Laptops,5,302444.52,0.02,296395.63,1829.9,Yes,Active,2025-05,2025,81553.24
ORD00870,CUST0028,2025-05-23,South,Hyderabad,Electronics,Mobiles,5,165374.27,0.01,163720.53,2210.65,Yes,Active,2025-05,2025,34137.08
ORD00510,CUST0425,2025-05-24,South,Bengaluru,Furniture,Tables,1,10508.9,0.09,9563.1,1369.3,No,Active,2025-05,2025,1367.46
ORD01074,CUST0359,2025-05-25,West,Pune,Furniture,Tables,4,46531.42,0.15,39551.71,1982.73,No,Active,2025-05,2025,4781.61
ORD01040,CUST0137,2025-05-25,West,Mumbai,Electronics,Mobiles,5,170378.46,0.13,148229.26,2328.51,Yes,Active,2025-05,2025,35874.02
ORD00573,CUST0212,2025-05-25,North,Delhi,Office Supplies,Writing,5,1780.33,0.04,1709.12,907.04,No,Active,2025-05,2025,374.27
ORD00948,CUST0241,2025-05-25,East,Kolkata,Electronics,Accessories,3,6215.5,0.16,5221.02,1946.49,No,Active,2025-05,2025,937.56
ORD00270,CUST0367,2025-05-25,West,Mumbai,Office Supplies,Binders,3,2618.79,0.01,2592.6,1873.3,Yes,Active,2025-05,2025,389.97
ORD00214,CUST0307,2025-05-26,West,Surat,Electronics,Mobiles,5,125013.04,0.1,112511.74,695.25,Yes,Active,2025-05,2025,22953.38
ORD00239,CUST0333,2025-05-27,West,Surat,Electronics,Accessories,5,8716.73,0.08,8019.39,1099.31,No,Active,2025-05,2025,1107.09
ORD00355,CUST0115,2025-05-28,East,Ranchi,Electronics,Laptops,3,145694.81,0.18,119469.74,834.48,No,Active,2025-05,2025,21564.23
ORD01149,CUST0298,2025-05-28,West,Surat,Furniture,Storage,3,18317.79,0.2,14654.23,1130.25,Yes,Active,2025-05,2025,2758.78
ORD00639,CUST0387,2025-05-28,South,Kochi,Office Supplies,Paper,3,1426.12,0.05,1354.81,1109.27,No,Active,2025-05,2025,276.13
ORD00076,CUST0301,2025-05-28,South,Kochi,Electronics,Accessories,3,4583.63,0.05,4354.45,2221.28,No,Active,2025-05,2025,888.27
ORD00974,CUST0220,2025-05-28,West,Pune,Office Supplies,Paper,3,1864.35,0.18,1528.77,506.93,No,Active,2025-05,2025,254.17
ORD00281,CUST0314,2025-05-29,East,Patna,Office Supplies,Paper,2,1044.51,0.04,1002.73,697.4,No,Active,2025-05,2025,273.78
ORD00884,CUST0074,2025-05-29,East,Bhubaneswar,Office Supplies,Paper,3,1712.25,0.11,1523.9,509.21,No,Active,2025-05,2025,280.39
ORD00546,CUST0283,2025-05-29,East,Bhubaneswar,Furniture,Tables,1,12371.58,0.19,10020.98,1337.66,Yes,Active,2025-05,2025,1616.64
ORD00825,CUST0078,2025-05-29,East,Kolkata,Furniture,Chairs,5,36379.58,0.07,33833.01,1276.48,No,Active,2025-05,2025,5130.63
ORD00335,CUST0400,2025-05-29,South,Hyderabad,Furniture,Storage,4,16811.72,0.03,16307.37,1738.97,No,Active,2025-05,2025,2903.76
ORD00450,CUST0114,2025-05-29,South,Bengaluru,Office Supplies,Paper,4,1581.97,0.09,1439.59,1814.08,No,Active,2025-05,2025,190.26
ORD00377,CUST0005,2025-05-29,East,Patna,Electronics,Laptops,4,265289.85,0.06,249372.46,1713.78,Yes,Active,2025-05,2025,31401.82
ORD01172,CUST0103,2025-05-29,West,Surat,Office Supplies,Paper,5,2939.81,0.13,2557.63,2148.88,Yes,Active,2025-05,2025,585.51
ORD00633,CUST0203,2025-05-30,North,Jaipur,Furniture,Chairs,2,12656.81,0.0,12656.81,1054.98,No,Churned,2025-05,2025,2929.37
ORD00864,CUST0221,2025-05-30,South,Kochi,Furniture,Chairs,1,5101.59,0.18,4183.3,2491.85,No,Active,2025-05,2025,900.77
ORD00226,CUST0049,2025-05-31,South,Bengaluru,Office Supplies,Binders,4,3454.92,0.13,3005.78,2350.68,No,Active,2025-05,2025,773.12
ORD00362,CUST0214,2025-05-31,North,Jaipur,Electronics,Mobiles,3,97275.32,0.04,93384.31,944.19,Yes,Active,2025-05,2025,11864.21
ORD00747,CUST0008,2025-05-31,West,Mumbai,Furniture,Chairs,3,22746.14,0.15,19334.22,1069.57,No,Active,2025-05,2025,5577.44
ORD00693,CUST0423,2025-06-01,North,Delhi,Office Supplies,Paper,1,393.07,0.13,341.97,1520.62,No,Active,2025-06,2025,46.89
ORD01144,CUST0009,2025-06-01,West,Mumbai,Electronics,Accessories,4,7650.78,0.12,6732.69,657.53,No,Active,2025-06,2025,1624.76
ORD00415,CUST0487,2025-06-01,West,Pune,Electronics,Mobiles,2,64063.16,0.18,52531.79,334.1,No,Active,2025-06,2025,7565.18
ORD00279,CUST0286,2025-06-02,North,Chandigarh,Office Supplies,Binders,5,3904.04,0.01,3865.0,926.81,Yes,Active,2025-06,2025,1075.95
ORD00164,CUST0240,2025-06-02,East,Bhubaneswar,Furniture,Chairs,3,22616.19,0.03,21937.7,439.01,No,Active,2025-06,2025,4649.22
ORD00215,CUST0428,2025-06-02,West,Pune,Furniture,Chairs,2,14120.53,0.17,11720.04,519.48,No,Active,2025-06,2025,1580.01
ORD01171,CUST0182,2025-06-02,East,Ranchi,Furniture,Chairs,2,10616.62,0.02,10404.29,2033.45,No,Active,2025-06,2025,2403.5
ORD00011,CUST0372,2025-06-03,West,Mumbai,Furniture,Tables,1,9778.15,0.06,9191.46,2100.91,Yes,Active,2025-06,2025,1118.05
ORD00612,CUST0429,2025-06-03,South,Chennai,Office Supplies,Paper,2,988.26,0.12,869.67,1972.69,Yes,Active,2025-06,2025,225.84
ORD00527,CUST0161,2025-06-03,West,Surat,Furniture,Chairs,2,12861.58,0.19,10417.88,2025.42,No,Active,2025-06,2025,2470.13
ORD00501,CUST0266,2025-06-04,West,Mumbai,Office Supplies,Writing,2,567.66,0.17,471.16,2144.38,No,Active,2025-06,2025,74.57
ORD00576,CUST0003,2025-06-04,South,Kochi,Electronics,Accessories,5,11043.19,0.11,9828.44,1061.79,No,Active,2025-06,2025,1842.39
ORD01042,CUST0389,2025-06-04,South,Hyderabad,Electronics,Mobiles,4,128654.08,0.19,104209.8,583.24,No,Active,2025-06,2025,12651.61
ORD00988,CUST0048,2025-06-05,East,Bhubaneswar,Office Supplies,Writing,4,1180.85,0.18,968.3,1852.45,No,Churned,2025-06,2025,237.1
ORD00712,CUST0429,2025-06-05,South,Bengaluru,Office Supplies,Binders,4,3100.57,0.02,3038.56,1356.04,No,Churned,2025-06,2025,541.11
ORD00728,CUST0294,2025-06-05,West,Ahmedabad,Furniture,Storage,4,15545.12,0.17,12902.45,757.26,Yes,Active,2025-06,2025,2875.78
ORD00848,CUST0197,2025-06-05,South,Hyderabad,Office Supplies,Binders,1,695.52,0.1,625.97,2402.41,No,Active,2025-06,2025,182.92
ORD00459,CUST0462,2025-06-05,West,Mumbai,Electronics,Accessories,5,7625.41,0.07,7091.63,1319.81,No,Active,2025-06,2025,1233.26
ORD00746,CUST0071,2025-06-06,South,Kochi,Furniture,Chairs,5,37314.89,0.2,29851.91,2125.33,Yes,Active,2025-06,2025,8903.12
ORD00086,CUST0428,2025-06-07,West,Pune,Furniture,Chairs,5,34449.49,0.16,28937.57,1955.16,Yes,Active,2025-06,2025,6768.24
ORD00489,CUST0430,2025-06-07,North,Delhi,Furniture,Storage,3,18581.92,0.09,16909.55,372.49,No,Active,2025-06,2025,2766.0
ORD01188,CUST0354,2025-06-07,North,Jaipur,Furniture,Chairs,4,21910.32,0.1,19719.29,930.99,No,Churned,2025-06,2025,3916.65
ORD00258,CUST0149,2025-06-09,South,Kochi,Furniture,Tables,5,43119.27,0.06,40532.11,1625.37,No,Active,2025-06,2025,10266.04
ORD01142,CUST0413,2025-06-10,North,Lucknow,Electronics,Accessories,3,4987.42,0.01,4937.55,1899.35,No,Active,2025-06,2025,989.32
ORD00896,CUST0024,2025-06-10,East,Patna,Office Supplies,Writing,4,1347.47,0.19,1091.45,1825.44,No,Churned,2025-06,2025,144.43
ORD01163,CUST0168,2025-06-10,South,Hyderabad,Electronics,Laptops,3,128513.64,0.06,120802.82,1530.85,No,Active,2025-06,2025,18162.54
ORD00756,CUST0465,2025-06-10,South,Chennai,Office Supplies,Binders,5,2660.04,0.03,2580.24,329.74,No,Active,2025-06,2025,677.14
ORD00605,CUST0063,2025-06-10,West,Mumbai,Electronics,Mobiles,4,102271.8,0.11,91021.9,1699.07,Yes,Active,2025-06,2025,21545.53
ORD00785,CUST0490,2025-06-11,South,Bengaluru,Electronics,Accessories,5,8360.83,0.1,7524.75,1404.05,Yes,Churned,2025-06,2025,1674.77
ORD00876,CUST0147,2025-06-11,West,Ahmedabad,Office Supplies,Paper,5,1953.88,0.13,1699.88,978.63,No,Active,2025-06,2025,255.27
ORD00989,CUST0062,2025-06-11,South,Bengaluru,Office Supplies,Writing,5,1702.11,0.15,1446.79,1376.31,No,Active,2025-06,2025,391.79
ORD01004,CUST0230,2025-06-11,North,Lucknow,Electronics,Laptops,5,234229.6,0.09,213148.94,970.07,No,Active,2025-06,2025,62438.41
ORD00853,CUST0249,2025-06-12,North,Chandigarh,Electronics,Accessories,4,5890.93,0.02,5773.11,2133.86,No,Active,2025-06,2025,735.26
ORD01100,CUST0213,2025-06-14,West,Surat,Electronics,Laptops,2,92883.67,0.18,76164.61,1316.24,No,Active,2025-06,2025,10209.54
ORD00249,CUST0444,2025-06-15,North,Chandigarh,Office Supplies,Binders,3,2351.67,0.2,1881.34,1028.18,No,Active,2025-06,2025,525.36
ORD00774,CUST0443,2025-06-15,East,Ranchi,Furniture,Chairs,3,22479.62,0.06,21130.84,1826.96,No,Active,2025-06,2025,5637.7
ORD00708,CUST0186,2025-06-16,East,Kolkata,Electronics,Accessories,1,1658.56,0.06,1559.05,1773.93,No,Churned,2025-06,2025,360.5
ORD01017,CUST0463,2025-06-17,South,Bengaluru,Office Supplies,Paper,5,2217.49,0.04,2128.79,2149.33,Yes,Active,2025-06,2025,617.55
ORD01131,CUST0143,2025-06-17,South,Kochi,Electronics,Laptops,1,53557.68,0.15,45524.03,1227.42,No,Active,2025-06,2025,10759.95
ORD00389,CUST0169,2025-06-17,North,Lucknow,Furniture,Tables,2,18170.75,0.12,15990.26,1339.67,No,Active,2025-06,2025,2540.49
ORD00014,CUST0112,2025-06-18,West,Pune,Office Supplies,Writing,1,408.17,0.03,395.92,729.79,Yes,Active,2025-06,2025,99.44
ORD00647,CUST0060,2025-06-18,North,Jaipur,Electronics,Mobiles,1,31285.92,0.09,28470.19,1619.75,No,Active,2025-06,2025,6725.45
ORD01158,CUST0319,2025-06-18,North,Lucknow,Electronics,Accessories,3,4689.13,0.05,4454.67,1442.67,No,Active,2025-06,2025,1324.97
ORD00095,CUST0409,2025-06-18,South,Kochi,Office Supplies,Paper,1,507.49,0.08,466.89,2066.68,No,Active,2025-06,2025,74.0
ORD00725,CUST0474,2025-06-18,North,Chandigarh,Office Supplies,Writing,2,700.7,0.04,672.67,811.65,No,Active,2025-06,2025,153.11
ORD00250,CUST0359,2025-06-19,West,Surat,Furniture,Tables,5,58087.58,0.19,47050.94,2142.39,No,Active,2025-06,2025,12253.48
ORD01037,CUST0289,2025-06-20,East,Patna,Office Supplies,Paper,2,891.16,0.1,802.04,2250.01,Yes,Active,2025-06,2025,145.18
ORD00963,CUST0258,2025-06-21,South,Hyderabad,Electronics,Laptops,5,234992.59,0.06,220893.03,1561.98,No,Active,2025-06,2025,41603.51
ORD00078,CUST0083,2025-06-21,East,Patna,Office Supplies,Paper,1,440.62,0.2,352.5,2127.4,No,Active,2025-06,2025,98.64
ORD00380,CUST0373,2025-06-21,North,Lucknow,Furniture,Storage,1,5451.2,0.06,5124.13,668.44,No,Active,2025-06,2025,987.7
ORD00247,CUST0358,2025-06-21,North,Jaipur,Furniture,Tables,4,43777.15,0.11,38961.66,1939.53,No,Active,2025-06,2025,9056.71
ORD00372,CUST0213,2025-06-21,East,Ranchi,Electronics,Accessories,2,4325.8,0.18,3547.16,2170.94,Yes,Active,2025-06,2025,993.43
ORD00930,CUST0488,2025-06-22,North,Jaipur,Furniture,Tables,5,45776.48,0.13,39825.54,1891.47,No,Active,2025-06,2025,6283.23
ORD00743,CUST0031,2025-06-22,South,Bengaluru,Office Supplies,Writing,5,1689.5,0.17,1402.28,2413.25,No,Active,2025-06,2025,416.11
ORD00769,CUST0186,2025-06-23,East,Kolkata,Electronics,Accessories,1,1692.43,0.01,1675.51,1909.7,Yes,Active,2025-06,2025,412.76
ORD01030,CUST0290,2025-06-24,North,Jaipur,Electronics,Laptops,2,130106.42,0.15,110590.46,1120.33,No,Active,2025-06,2025,23146.79
ORD00449,CUST0359,2025-06-25,West,Mumbai,Office Supplies,Binders,4,2936.98,0.06,2760.76,472.32,No,Active,2025-06,2025,545.43
ORD01053,CUST0408,2025-06-25,West,Ahmedabad,Furniture,Storage,1,6097.19,0.06,5731.36,1807.97,No,Active,2025-06,2025,1672.33
ORD01062,CUST0340,2025-06-25,North,Jaipur,Furniture,Storage,5,19130.2,0.05,18173.69,1886.83,No,Active,2025-06,2025,2853.82
ORD00386,CUST0226,2025-06-25,East,Bhubaneswar,Electronics,Accessories,2,3373.1,0.17,2799.67,1886.47,Yes,Churned,2025-06,2025,493.03
ORD00124,CUST0235,2025-06-26,West,Pune,Electronics,Mobiles,5,134585.92,0.01,133240.06,1600.86,Yes,Active,2025-06,2025,23370.67
ORD00464,CUST0398,2025-06-26,North,Lucknow,Furniture,Chairs,3,20258.82,0.09,18435.53,1312.26,Yes,Active,2025-06,2025,3171.3
ORD00822,CUST0345,2025-06-27,East,Patna,Furniture,Storage,4,23365.31,0.11,20795.13,724.56,No,Active,2025-06,2025,4249.21
ORD00217,CUST0013,2025-06-27,East,Kolkata,Electronics,Accessories,3,4199.62,0.1,3779.66,1766.36,No,Active,2025-06,2025,1126.54
ORD00451,CUST0260,2025-06-27,South,Hyderabad,Electronics,Accessories,3,5796.46,0.07,5390.71,2027.02,No,Active,2025-06,2025,1509.3
ORD00748,CUST0457,2025-06-27,West,Pune,Electronics,Accessories,5,11185.96,0.02,10962.24,1234.62,No,Active,2025-06,2025,1962.58
ORD00998,CUST0488,2025-06-29,East,Ranchi,Office Supplies,Writing,2,874.13,0.03,847.91,2494.68,No,Churned,2025-06,2025,166.29
ORD00096,CUST0159,2025-06-29,South,Bengaluru,Electronics,Mobiles,1,30497.49,0.09,27752.72,1213.58,Yes,Active,2025-06,2025,6674.71
ORD00999,CUST0498,2025-06-30,East,Bhubaneswar,Furniture,Storage,3,11493.38,0.09,10458.98,2251.27,No,Active,2025-06,2025,1287.37
ORD01006,CUST0178,2025-06-30,North,Delhi,Office Supplies,Binders,3,2539.45,0.16,2133.14,2030.36,No,Active,2025-06,2025,570.89
ORD00815,CUST0185,2025-07-02,East,Bhubaneswar,Furniture,Chairs,3,21838.71,0.18,17907.74,1254.31,No,Active,2025-07,2025,4984.86
ORD01099,CUST0360,2025-07-02,South,Hyderabad,Electronics,Accessories,5,6837.52,0.09,6222.14,579.06,No,Churned,2025-07,2025,1706.71
ORD00397,CUST0044,2025-07-02,East,Ranchi,Electronics,Accessories,4,6721.06,0.05,6385.01,1826.53,Yes,Active,2025-07,2025,1197.25
ORD00918,CUST0086,2025-07-03,East,Ranchi,Furniture,Storage,2,10086.05,0.06,9480.89,1993.21,No,Active,2025-07,2025,1926.14
ORD00193,CUST0247,2025-07-03,North,Jaipur,Electronics,Mobiles,2,63778.71,0.19,51660.76,1541.42,No,Churned,2025-07,2025,6314.49
ORD00947,CUST0342,2025-07-04,North,Delhi,Furniture,Storage,4,22461.8,0.13,19541.77,1219.4,Yes,Active,2025-07,2025,3749.89
ORD00803,CUST0311,2025-07-05,North,Chandigarh,Office Supplies,Writing,5,1849.87,0.19,1498.39,1817.2,No,Active,2025-07,2025,303.99
ORD01157,CUST0157,2025-07-05,South,Bengaluru,Office Supplies,Binders,4,3438.18,0.06,3231.89,2256.5,No,Active,2025-07,2025,915.45
ORD00195,CUST0401,2025-07-05,West,Mumbai,Electronics,Laptops,2,132152.01,0.08,121579.85,1032.5,No,Active,2025-07,2025,34153.94
ORD00768,CUST0419,2025-07-05,East,Ranchi,Electronics,Laptops,4,167955.44,0.18,137723.46,728.01,No,Active,2025-07,2025,40476.58
ORD01195,CUST0323,2025-07-06,South,Chennai,Office Supplies,Binders,3,2491.15,0.04,2391.5,879.93,No,Active,2025-07,2025,667.99
ORD00951,CUST0342,2025-07-06,West,Mumbai,Electronics,Mobiles,5,118436.88,0.08,108961.93,824.54,No,Active,2025-07,2025,13236.27
ORD00107,CUST0085,2025-07-07,South,Kochi,Office Supplies,Paper,2,984.96,0.09,896.31,799.86,No,Active,2025-07,2025,211.05
ORD01173,CUST0316,2025-07-07,West,Surat,Furniture,Tables,1,12744.55,0.07,11852.43,1725.67,No,Churned,2025-07,2025,1567.87
ORD00995,CUST0227,2025-07-08,East,Kolkata,Electronics,Mobiles,2,48024.36,0.13,41781.19,2376.79,No,Active,2025-07,2025,7063.82
ORD00455,CUST0123,2025-07-08,North,Chandigarh,Electronics,Accessories,2,4247.42,0.19,3440.41,2124.74,No,Churned,2025-07,2025,770.98
ORD00252,CUST0346,2025-07-08,North,Delhi,Furniture,Storage,5,21184.67,0.05,20125.44,1416.52,No,Active,2025-07,2025,4953.08
ORD00039,CUST0294,2025-07-08,North,Delhi,Office Supplies,Binders,4,3125.34,0.2,2500.27,452.47,No,Active,2025-07,2025,594.65
ORD00085,CUST0391,2025-07-08,West,Ahmedabad,Electronics,Accessories,3,4152.83,0.17,3446.85,2226.68,No,Active,2025-07,2025,444.06
ORD00545,CUST0275,2025-07-10,North,Chandigarh,Furniture,Chairs,4,22548.49,0.04,21646.55,1743.65,Yes,Active,2025-07,2025,3001.27
ORD00919,CUST0023,2025-07-10,East,Kolkata,Electronics,Mobiles,3,98623.62,0.07,91719.97,1374.28,No,Active,2025-07,2025,13129.31
ORD00354,CUST0154,2025-07-10,East,Ranchi,Office Supplies,Writing,4,1255.47,0.03,1217.81,2039.25,Yes,Active,2025-07,2025,166.18
ORD00208,CUST0250,2025-07-10,East,Kolkata,Office Supplies,Paper,3,1169.33,0.02,1145.94,1477.91,Yes,Active,2025-07,2025,174.28
ORD00704,CUST0148,2025-07-11,East,Kolkata,Electronics,Mobiles,5,164424.67,0.04,157847.68,2063.56,No,Active,2025-07,2025,38503.44
ORD00005,CUST0115,2025-07-11,West,Mumbai,Furniture,Tables,5,47644.89,0.02,46691.99,1511.52,No,Active,2025-07,2025,12585.86
ORD00543,CUST0374,2025-07-11,West,Pune,Office Supplies,Writing,4,1570.82,0.13,1366.61,1919.76,No,Active,2025-07,2025,264.56
ORD00235,CUST0245,2025-07-12,East,Ranchi,Electronics,Mobiles,4,116911.03,0.15,99374.38,2176.48,No,Active,2025-07,2025,24316.98
ORD00661,CUST0146,2025-07-12,East,Bhubaneswar,Office Supplies,Writing,5,1706.5,0.16,1433.46,2460.7,Yes,Churned,2025-07,2025,223.62
ORD00773,CUST0013,2025-07-13,North,Lucknow,Electronics,Accessories,3,5705.51,0.13,4963.79,532.54,Yes,Active,2025-07,2025,1465.26
ORD00170,CUST0468,2025-07-13,South,Bengaluru,Electronics,Accessories,4,6745.71,0.2,5396.57,1531.55,Yes,Active,2025-07,2025,987.57
ORD01070,CUST0339,2025-07-14,North,Jaipur,Furniture,Storage,2,9508.48,0.17,7892.04,369.18,No,Active,2025-07,2025,2148.66
ORD00585,CUST0279,2025-07-14,South,Hyderabad,Furniture,Tables,5,46335.31,0.08,42628.49,2459.18,No,Active,2025-07,2025,12369.34
ORD00136,CUST0355,2025-07-14,North,Chandigarh,Furniture,Storage,3,13886.57,0.09,12636.78,324.23,No,Active,2025-07,2025,3483.31
ORD00810,CUST0101,2025-07-15,North,Delhi,Furniture,Tables,4,34853.82,0.19,28231.59,1428.97,No,Active,2025-07,2025,3728.61
ORD01025,CUST0276,2025-07-15,East,Ranchi,Electronics,Accessories,4,6441.28,0.18,5281.85,1788.06,No,Active,2025-07,2025,1252.09
ORD01073,CUST0444,2025-07-15,South,Chennai,Furniture,Tables,2,23659.17,0.19,19163.93,1213.36,No,Churned,2025-07,2025,2713.93
ORD01109,CUST0455,2025-07-16,South,Hyderabad,Electronics,Accessories,5,10313.97,0.13,8973.15,2050.73,No,Active,2025-07,2025,1085.92
ORD00881,CUST0418,2025-07-16,North,Delhi,Electronics,Mobiles,2,49877.82,0.12,43892.48,608.36,No,Active,2025-07,2025,5676.22
ORD00426,CUST0386,2025-07-17,North,Lucknow,Furniture,Chairs,2,11529.04,0.01,11413.75,981.41,Yes,Active,2025-07,2025,3251.86
ORD00238,CUST0023,2025-07-17,South,Chennai,Office Supplies,Paper,3,1711.22,0.04,1642.77,2357.35,No,Active,2025-07,2025,465.76
ORD00695,CUST0460,2025-07-18,South,Chennai,Furniture,Chairs,5,38246.89,0.1,34422.2,2416.1,No,Active,2025-07,2025,5529.87
ORD00115,CUST0009,2025-07-18,West,Pune,Furniture,Storage,3,12713.98,0.06,11951.14,1396.04,No,Active,2025-07,2025,2610.98
ORD00462,CUST0162,2025-07-19,North,Lucknow,Furniture,Chairs,1,6942.15,0.19,5623.14,1523.01,Yes,Active,2025-07,2025,1641.42
ORD00407,CUST0124,2025-07-20,South,Bengaluru,Electronics,Accessories,1,2092.69,0.16,1757.86,1111.15,Yes,Active,2025-07,2025,368.11
ORD00388,CUST0307,2025-07-21,West,Mumbai,Furniture,Chairs,4,21467.83,0.01,21253.15,1016.54,No,Active,2025-07,2025,4056.04
ORD00721,CUST0278,2025-07-22,South,Hyderabad,Furniture,Storage,2,8506.32,0.09,7740.75,1635.02,No,Active,2025-07,2025,1602.22
ORD00428,CUST0154,2025-07-22,East,Kolkata,Furniture,Tables,2,17572.58,0.2,14058.06,1841.0,No,Churned,2025-07,2025,3686.57
ORD01189,CUST0031,2025-07-23,West,Ahmedabad,Office Supplies,Paper,5,2102.58,0.09,1913.35,945.99,No,Active,2025-07,2025,393.98
ORD00052,CUST0173,2025-07-23,South,Bengaluru,Furniture,Chairs,3,17725.33,0.05,16839.06,717.02,Yes,Active,2025-07,2025,4394.83
ORD00945,CUST0359,2025-07-24,North,Delhi,Furniture,Storage,3,13843.94,0.02,13567.06,2224.77,Yes,Active,2025-07,2025,2682.28
ORD00530,CUST0019,2025-07-26,South,Bengaluru,Furniture,Tables,2,22592.06,0.1,20332.85,1984.44,No,Active,2025-07,2025,3362.26
ORD00517,CUST0357,2025-07-26,East,Ranchi,Electronics,Accessories,3,4174.37,0.19,3381.24,1814.48,No,Active,2025-07,2025,604.45
ORD00382,CUST0149,2025-07-26,South,Bengaluru,Electronics,Laptops,2,116620.42,0.02,114288.01,1077.87,Yes,Churned,2025-07,2025,15315.53
ORD00296,CUST0287,2025-07-26,East,Kolkata,Furniture,Storage,3,16835.53,0.11,14983.62,1349.51,Yes,Active,2025-07,2025,3139.5
ORD00320,CUST0120,2025-07-26,South,Chennai,Office Supplies,Binders,5,2844.41,0.09,2588.41,1961.13,No,Active,2025-07,2025,379.62
ORD00807,CUST0019,2025-07-27,East,Ranchi,Furniture,Chairs,1,6772.74,0.1,6095.47,1331.89,No,Active,2025-07,2025,1621.87
ORD00065,CUST0276,2025-07-27,West,Pune,Electronics,Laptops,5,268411.91,0.09,244254.84,1089.8,Yes,Churned,2025-07,2025,47802.21
ORD00838,CUST0064,2025-07-28,North,Lucknow,Electronics,Mobiles,4,93777.03,0.08,86274.87,2098.64,No,Churned,2025-07,2025,22233.07
ORD00692,CUST0475,2025-07-28,South,Bengaluru,Furniture,Tables,4,42072.06,0.02,41230.62,2389.62,Yes,Active,2025-07,2025,12031.21
ORD00264,CUST0408,2025-07-29,North,Lucknow,Furniture,Storage,3,16318.21,0.1,14686.39,1114.64,No,Active,2025-07,2025,4008.0
ORD00056,CUST0285,2025-07-29,East,Bhubaneswar,Furniture,Tables,1,10817.0,0.05,10276.15,1263.65,Yes,Active,2025-07,2025,2993.07
ORD00840,CUST0210,2025-07-30,North,Lucknow,Electronics,Mobiles,3,92894.67,0.03,90107.83,1445.0,No,Active,2025-07,2025,20024.53
ORD00203,CUST0139,2025-07-30,West,Mumbai,Electronics,Mobiles,3,104329.32,0.14,89723.22,625.73,No,Active,2025-07,2025,13436.81
ORD00417,CUST0461,2025-07-30,North,Lucknow,Office Supplies,Writing,3,927.89,0.01,918.61,1634.66,No,Active,2025-07,2025,264.9
ORD00477,CUST0059,2025-07-30,North,Lucknow,Electronics,Mobiles,4,91797.82,0.01,90879.84,2440.52,Yes,Active,2025-07,2025,25112.9
ORD00165,CUST0058,2025-07-31,South,Kochi,Office Supplies,Paper,5,2906.07,0.09,2644.52,1616.01,No,Active,2025-07,2025,728.81
ORD00583,CUST0150,2025-07-31,East,Ranchi,Furniture,Storage,3,12277.66,0.19,9944.9,1175.1,Yes,Active,2025-07,2025,2434.41
ORD00531,CUST0290,2025-08-01,North,Chandigarh,Electronics,Laptops,5,276784.66,0.19,224195.57,453.56,No,Churned,2025-08,2025,52122.09
ORD01092,CUST0381,2025-08-01,West,Surat,Electronics,Accessories,2,3638.79,0.17,3020.2,1665.8,No,Active,2025-08,2025,370.43
ORD00034,CUST0222,2025-08-02,South,Chennai,Electronics,Accessories,3,5941.17,0.17,4931.17,1263.85,No,Active,2025-08,2025,1255.72
ORD00470,CUST0427,2025-08-02,East,Ranchi,Office Supplies,Writing,4,1703.71,0.18,1397.04,1043.2,No,Active,2025-08,2025,190.66
ORD00228,CUST0440,2025-08-03,South,Hyderabad,Office Supplies,Writing,4,1724.21,0.14,1482.82,1944.94,No,Active,2025-08,2025,247.27
ORD00635,CUST0320,2025-08-03,South,Kochi,Office Supplies,Binders,2,1508.31,0.19,1221.73,460.91,No,Active,2025-08,2025,267.89
ORD00890,CUST0111,2025-08-04,North,Delhi,Electronics,Accessories,3,6285.54,0.03,6096.97,2230.97,No,Active,2025-08,2025,1227.39
ORD00798,CUST0334,2025-08-04,West,Mumbai,Electronics,Accessories,4,7256.44,0.0,7256.44,1531.99,No,Active,2025-08,2025,891.38
ORD01078,CUST0249,2025-08-04,North,Chandigarh,Furniture,Chairs,1,8038.1,0.11,7153.91,2469.92,No,Active,2025-08,2025,1919.52
ORD00623,CUST0412,2025-08-04,West,Surat,Furniture,Tables,4,54577.46,0.16,45845.07,324.93,No,Churned,2025-08,2025,12753.37
ORD00681,CUST0393,2025-08-05,East,Bhubaneswar,Furniture,Storage,4,20865.12,0.18,17109.4,1249.49,No,Active,2025-08,2025,4153.09
ORD00492,CUST0025,2025-08-05,North,Chandigarh,Furniture,Chairs,4,31349.69,0.17,26020.24,922.6,No,Active,2025-08,2025,5656.6
ORD01138,CUST0046,2025-08-05,South,Bengaluru,Electronics,Accessories,3,5325.01,0.04,5112.01,1051.45,Yes,Active,2025-08,2025,1497.48
ORD00888,CUST0252,2025-08-05,South,Chennai,Furniture,Chairs,3,15738.81,0.08,14479.71,1876.2,No,Active,2025-08,2025,2050.21
ORD00289,CUST0098,2025-08-06,North,Delhi,Electronics,Laptops,2,86303.45,0.18,70768.83,310.75,No,Active,2025-08,2025,17892.05
ORD00284,CUST0094,2025-08-07,West,Mumbai,Electronics,Laptops,4,191818.21,0.04,184145.48,365.54,No,Churned,2025-08,2025,26352.12
ORD00243,CUST0462,2025-08-08,East,Ranchi,Furniture,Chairs,3,17793.0,0.11,15835.77,935.45,No,Active,2025-08,2025,2988.72
ORD00723,CUST0032,2025-08-08,East,Ranchi,Furniture,Tables,2,17763.97,0.15,15099.37,1005.61,No,Active,2025-08,2025,3403.2
ORD00145,CUST0094,2025-08-08,East,Patna,Office Supplies,Writing,3,1226.07,0.18,1005.38,1981.35,No,Active,2025-08,2025,254.04
ORD00732,CUST0277,2025-08-08,North,Jaipur,Furniture,Storage,1,5931.56,0.02,5812.93,819.94,No,Active,2025-08,2025,701.44
ORD00827,CUST0090,2025-08-09,West,Ahmedabad,Office Supplies,Writing,2,617.78,0.16,518.94,1736.9,No,Active,2025-08,2025,86.62
ORD00033,CUST0322,2025-08-10,East,Kolkata,Electronics,Laptops,2,137311.11,0.0,137311.11,1935.25,No,Active,2025-08,2025,29779.49
ORD00742,CUST0084,2025-08-10,South,Kochi,Electronics,Mobiles,2,50378.5,0.02,49370.93,729.12,No,Active,2025-08,2025,10660.04
ORD00453,CUST0068,2025-08-11,South,Bengaluru,Electronics,Mobiles,1,29936.91,0.12,26344.48,598.09,No,Active,2025-08,2025,6184.97
ORD00935,CUST0084,2025-08-11,East,Patna,Office Supplies,Writing,5,1402.07,0.2,1121.66,1145.15,Yes,Active,2025-08,2025,195.95
ORD00003,CUST0275,2025-08-11,North,Jaipur,Electronics,Accessories,1,1792.85,0.12,1577.71,2284.2,Yes,Active,2025-08,2025,342.83
ORD00163,CUST0348,2025-08-12,East,Kolkata,Furniture,Chairs,1,4943.32,0.17,4102.96,1323.45,Yes,Active,2025-08,2025,632.52
ORD00739,CUST0236,2025-08-14,North,Chandigarh,Furniture,Storage,5,21129.21,0.12,18593.7,2484.1,Yes,Active,2025-08,2025,2856.68
ORD00130,CUST0481,2025-08-15,East,Kolkata,Furniture,Chairs,5,34416.39,0.16,28909.77,2030.48,No,Active,2025-08,2025,6469.47
ORD00169,CUST0026,2025-08-16,West,Mumbai,Electronics,Accessories,3,5516.09,0.13,4799.0,1496.87,Yes,Active,2025-08,2025,1168.0
ORD00625,CUST0282,2025-08-16,North,Delhi,Furniture,Tables,3,33061.19,0.06,31077.52,2441.47,No,Active,2025-08,2025,4402.81
ORD00780,CUST0258,2025-08-16,West,Pune,Office Supplies,Binders,4,3033.42,0.0,3033.42,659.94,Yes,Active,2025-08,2025,431.06
ORD00678,CUST0447,2025-08-17,East,Bhubaneswar,Furniture,Tables,5,59338.55,0.09,53998.08,365.42,No,Active,2025-08,2025,11974.32
ORD01060,CUST0190,2025-08-17,East,Patna,Furniture,Chairs,1,6262.29,0.01,6199.67,717.68,No,Active,2025-08,2025,1045.37
ORD01196,CUST0194,2025-08-17,North,Jaipur,Electronics,Accessories,5,7848.66,0.14,6749.85,2400.21,No,Active,2025-08,2025,1286.74
ORD00129,CUST0016,2025-08-18,East,Bhubaneswar,Furniture,Tables,4,50290.36,0.05,47775.84,1565.15,Yes,Churned,2025-08,2025,9179.4
ORD00657,CUST0021,2025-08-18,West,Mumbai,Office Supplies,Paper,1,494.54,0.11,440.14,2344.7,No,Active,2025-08,2025,66.96
ORD00651,CUST0402,2025-08-19,West,Ahmedabad,Electronics,Laptops,2,121327.59,0.12,106768.28,1356.24,No,Active,2025-08,2025,12837.46
ORD00703,CUST0178,2025-08-20,North,Delhi,Office Supplies,Writing,5,1515.15,0.14,1303.03,2425.7,Yes,Active,2025-08,2025,356.47
ORD00533,CUST0050,2025-08-20,North,Lucknow,Furniture,Storage,5,29027.85,0.08,26705.62,679.17,No,Active,2025-08,2025,6641.7
ORD00938,CUST0296,2025-08-21,North,Jaipur,Office Supplies,Writing,2,785.2,0.08,722.38,1303.55,No,Churned,2025-08,2025,176.48
ORD00752,CUST0045,2025-08-21,North,Lucknow,Electronics,Mobiles,1,28624.34,0.08,26334.39,1786.17,No,Active,2025-08,2025,5750.67
ORD00485,CUST0455,2025-08-21,North,Lucknow,Electronics,Mobiles,3,92197.87,0.01,91275.89,867.18,Yes,Active,2025-08,2025,22469.8
ORD00563,CUST0170,2025-08-21,West,Ahmedabad,Electronics,Laptops,1,42286.69,0.03,41018.09,932.98,No,Active,2025-08,2025,11830.6
ORD00601,CUST0494,2025-08-22,North,Lucknow,Office Supplies,Paper,3,1758.24,0.15,1494.5,794.03,No,Active,2025-08,2025,358.41
ORD00401,CUST0241,2025-08-22,East,Ranchi,Electronics,Mobiles,4,119619.83,0.2,95695.86,1302.38,No,Active,2025-08,2025,16049.77
ORD00602,CUST0055,2025-08-23,East,Kolkata,Office Supplies,Writing,4,1691.07,0.04,1623.43,1324.11,Yes,Active,2025-08,2025,361.54
ORD00158,CUST0116,2025-08-23,South,Hyderabad,Furniture,Storage,2,11831.46,0.19,9583.48,683.26,No,Active,2025-08,2025,1913.04
ORD00112,CUST0362,2025-08-24,West,Pune,Office Supplies,Writing,5,2113.81,0.01,2092.67,837.99,No,Active,2025-08,2025,460.71
ORD00939,CUST0135,2025-08-24,South,Bengaluru,Electronics,Accessories,5,9147.72,0.02,8964.77,1383.19,Yes,Active,2025-08,2025,1911.02
ORD00967,CUST0304,2025-08-24,North,Jaipur,Furniture,Chairs,3,19015.2,0.11,16923.53,1069.09,Yes,Active,2025-08,2025,4646.86
ORD00680,CUST0023,2025-08-25,South,Chennai,Furniture,Chairs,3,23721.33,0.14,20400.34,1751.71,No,Active,2025-08,2025,4841.49
ORD01103,CUST0104,2025-08-26,East,Patna,Furniture,Storage,2,9785.3,0.1,8806.77,882.23,No,Active,2025-08,2025,1356.04
ORD00929,CUST0043,2025-08-26,South,Hyderabad,Office Supplies,Binders,4,2866.25,0.09,2608.29,2036.63,No,Active,2025-08,2025,342.58
ORD00507,CUST0310,2025-08-27,East,Patna,Furniture,Chairs,1,7699.82,0.09,7006.84,2491.56,Yes,Churned,2025-08,2025,1376.04
ORD01051,CUST0269,2025-08-27,South,Chennai,Electronics,Laptops,4,243909.9,0.12,214640.71,563.75,No,Active,2025-08,2025,26360.01
ORD00408,CUST0086,2025-08-27,East,Kolkata,Office Supplies,Binders,4,3213.08,0.04,3084.56,1818.06,No,Active,2025-08,2025,546.87
ORD00305,CUST0168,2025-08-29,South,Hyderabad,Electronics,Laptops,2,120670.96,0.18,98950.19,1797.25,No,Active,2025-08,2025,18428.87
ORD00868,CUST0144,2025-08-29,South,Chennai,Electronics,Laptops,2,122358.29,0.09,111346.04,2283.18,No,Churned,2025-08,2025,20889.18
ORD00609,CUST0026,2025-08-29,East,Ranchi,Electronics,Laptops,4,260111.76,0.02,254909.52,945.37,No,Active,2025-08,2025,75525.36
ORD00032,CUST0263,2025-08-29,North,Jaipur,Electronics,Laptops,3,198638.17,0.08,182747.12,1060.45,No,Active,2025-08,2025,31926.32
ORD00560,CUST0376,2025-08-30,South,Hyderabad,Furniture,Tables,1,11943.73,0.13,10391.05,1418.76,No,Active,2025-08,2025,1743.0
ORD00519,CUST0328,2025-08-30,East,Bhubaneswar,Office Supplies,Writing,3,1134.42,0.08,1043.67,2032.89,No,Active,2025-08,2025,149.55
ORD00854,CUST0105,2025-08-30,West,Surat,Office Supplies,Paper,3,1671.01,0.11,1487.2,729.24,No,Active,2025-08,2025,315.26
ORD00882,CUST0167,2025-08-31,South,Kochi,Electronics,Accessories,1,1761.82,0.12,1550.4,1497.2,Yes,Active,2025-08,2025,228.93
ORD00542,CUST0081,2025-08-31,South,Bengaluru,Office Supplies,Paper,2,786.5,0.17,652.79,2465.06,No,Active,2025-08,2025,150.75
ORD00172,CUST0077,2025-08-31,North,Lucknow,Electronics,Accessories,4,5444.43,0.04,5226.65,1643.61,No,Active,2025-08,2025,773.17
ORD00565,CUST0042,2025-08-31,East,Kolkata,Electronics,Mobiles,2,50980.29,0.17,42313.64,454.22,No,Active,2025-08,2025,9469.84
ORD00818,CUST0036,2025-09-01,West,Pune,Office Supplies,Paper,2,820.27,0.19,664.42,970.64,No,Active,2025-09,2025,178.55
ORD00702,CUST0352,2025-09-01,East,Kolkata,Electronics,Accessories,5,9197.88,0.16,7726.22,1067.92,Yes,Active,2025-09,2025,986.29
ORD00403,CUST0331,2025-09-01,West,Pune,Electronics,Mobiles,5,105477.03,0.01,104422.26,2105.85,No,Active,2025-09,2025,20420.24
ORD00342,CUST0169,2025-09-02,East,Patna,Electronics,Mobiles,3,97924.71,0.02,95966.22,1142.0,No,Active,2025-09,2025,19480.07
ORD00486,CUST0411,2025-09-02,South,Chennai,Office Supplies,Paper,3,1597.22,0.18,1309.72,1195.01,Yes,Active,2025-09,2025,343.66
ORD00682,CUST0246,2025-09-03,North,Chandigarh,Office Supplies,Binders,4,2836.52,0.06,2666.33,1979.93,No,Active,2025-09,2025,544.53
ORD00413,CUST0169,2025-09-03,South,Kochi,Furniture,Tables,2,23557.25,0.1,21201.52,1786.96,No,Active,2025-09,2025,4710.05
ORD00950,CUST0368,2025-09-03,North,Lucknow,Office Supplies,Paper,2,1018.67,0.17,845.5,1309.73,No,Active,2025-09,2025,221.87
ORD00087,CUST0106,2025-09-03,South,Bengaluru,Electronics,Accessories,3,5935.14,0.2,4748.11,338.82,No,Active,2025-09,2025,1048.18
ORD00600,CUST0233,2025-09-04,South,Chennai,Electronics,Accessories,1,1956.62,0.03,1897.92,878.68,No,Churned,2025-09,2025,350.15
ORD00513,CUST0191,2025-09-04,West,Mumbai,Office Supplies,Paper,2,1176.62,0.01,1164.85,2432.77,No,Active,2025-09,2025,157.78
ORD00219,CUST0492,2025-09-04,East,Kolkata,Furniture,Storage,2,11329.86,0.03,10989.96,1419.1,No,Active,2025-09,2025,2762.71
ORD00909,CUST0205,2025-09-05,West,Ahmedabad,Electronics,Accessories,1,1905.5,0.11,1695.9,795.53,No,Active,2025-09,2025,469.43
ORD00839,CUST0012,2025-09-05,East,Bhubaneswar,Electronics,Laptops,3,182112.67,0.19,147511.26,2154.49,No,Active,2025-09,2025,43458.53
ORD00190,CUST0450,2025-09-07,South,Chennai,Furniture,Tables,1,9669.57,0.17,8025.74,2012.35,No,Churned,2025-09,2025,2301.69
ORD00770,CUST0441,2025-09-07,North,Delhi,Electronics,Laptops,1,44168.45,0.09,40193.29,639.12,Yes,Active,2025-09,2025,10592.35
ORD00713,CUST0041,2025-09-07,North,Chandigarh,Office Supplies,Writing,4,1218.15,0.02,1193.79,1185.27,No,Active,2025-09,2025,281.53
ORD00676,CUST0259,2025-09-08,North,Jaipur,Furniture,Tables,1,10592.99,0.16,8898.11,571.22,Yes,Active,2025-09,2025,2319.41
ORD00231,CUST0280,2025-09-09,South,Chennai,Furniture,Storage,5,20868.8,0.13,18155.86,1438.72,Yes,Active,2025-09,2025,3590.78
ORD00842,CUST0174,2025-09-09,East,Patna,Furniture,Tables,3,34364.32,0.08,31615.17,311.98,No,Active,2025-09,2025,7178.53
ORD00306,CUST0409,2025-09-10,North,Lucknow,Electronics,Laptops,4,185102.63,0.01,183251.6,2189.45,No,Active,2025-09,2025,33492.16
ORD00478,CUST0096,2025-09-10,East,Patna,Furniture,Storage,3,15840.06,0.12,13939.25,787.19,No,Active,2025-09,2025,2492.44
ORD00724,CUST0450,2025-09-10,North,Lucknow,Electronics,Mobiles,5,105268.6,0.11,93689.05,2208.81,Yes,Active,2025-09,2025,24003.56
ORD00220,CUST0396,2025-09-11,West,Mumbai,Office Supplies,Binders,5,3348.94,0.19,2712.64,420.37,Yes,Active,2025-09,2025,547.16
ORD00652,CUST0180,2025-09-11,East,Kolkata,Office Supplies,Writing,2,701.29,0.02,687.26,1477.82,Yes,Churned,2025-09,2025,108.72
ORD01199,CUST0395,2025-09-11,West,Ahmedabad,Furniture,Tables,5,59399.82,0.08,54647.83,747.51,Yes,Active,2025-09,2025,8544.13
ORD01089,CUST0286,2025-09-12,East,Kolkata,Furniture,Storage,3,13160.62,0.02,12897.41,1398.33,No,Active,2025-09,2025,3542.29
ORD00981,CUST0036,2025-09-12,East,Ranchi,Electronics,Accessories,2,2767.31,0.12,2435.23,2351.58,Yes,Active,2025-09,2025,589.32
ORD01016,CUST0239,2025-09-14,South,Bengaluru,Electronics,Laptops,3,177670.91,0.04,170564.07,2254.06,Yes,Active,2025-09,2025,37232.14
ORD01137,CUST0426,2025-09-14,West,Ahmedabad,Furniture,Storage,4,23696.81,0.07,22038.03,1147.36,Yes,Active,2025-09,2025,4235.03
ORD00946,CUST0488,2025-09-14,West,Surat,Office Supplies,Binders,4,2149.3,0.13,1869.89,1997.92,Yes,Active,2025-09,2025,369.39
ORD00357,CUST0258,2025-09-15,South,Bengaluru,Furniture,Storage,5,25717.56,0.04,24688.86,504.84,No,Active,2025-09,2025,3217.9
ORD00144,CUST0446,2025-09-15,East,Kolkata,Office Supplies,Writing,3,1262.91,0.05,1199.76,614.26,Yes,Churned,2025-09,2025,242.21
ORD00301,CUST0055,2025-09-16,North,Lucknow,Furniture,Storage,5,24256.74,0.19,19647.96,553.89,No,Active,2025-09,2025,5170.99
ORD00953,CUST0062,2025-09-16,North,Delhi,Office Supplies,Writing,3,930.06,0.05,883.56,1628.24,No,Active,2025-09,2025,167.73
ORD00883,CUST0123,2025-09-16,West,Mumbai,Furniture,Chairs,1,6420.0,0.17,5328.6,317.62,No,Active,2025-09,2025,1007.34
ORD00669,CUST0496,2025-09-16,North,Delhi,Electronics,Laptops,4,238854.67,0.18,195860.83,1938.7,No,Active,2025-09,2025,24057.39
ORD00350,CUST0014,2025-09-16,West,Surat,Furniture,Chairs,2,13681.46,0.0,13681.46,2240.92,Yes,Active,2025-09,2025,2769.27
ORD00454,CUST0228,2025-09-16,South,Hyderabad,Electronics,Laptops,3,149089.52,0.18,122253.41,1284.65,No,Active,2025-09,2025,15227.98
ORD01010,CUST0078,2025-09-17,East,Kolkata,Office Supplies,Paper,2,869.51,0.1,782.56,2164.81,Yes,Active,2025-09,2025,174.25
ORD00194,CUST0036,2025-09-17,West,Pune,Furniture,Storage,4,23223.39,0.06,21829.99,1202.64,Yes,Active,2025-09,2025,4610.95
ORD01159,CUST0329,2025-09-17,East,Bhubaneswar,Furniture,Chairs,1,7743.5,0.01,7666.06,1543.07,No,Active,2025-09,2025,2079.05
ORD01145,CUST0459,2025-09-17,East,Kolkata,Office Supplies,Binders,3,2559.52,0.19,2073.21,1783.23,No,Active,2025-09,2025,465.89
ORD00097,CUST0265,2025-09-17,South,Hyderabad,Electronics,Accessories,5,9417.47,0.11,8381.55,923.81,Yes,Active,2025-09,2025,1493.73
ORD00830,CUST0208,2025-09-17,East,Ranchi,Furniture,Storage,4,15927.15,0.04,15290.06,1459.73,No,Churned,2025-09,2025,3255.58
ORD01080,CUST0470,2025-09-17,North,Lucknow,Electronics,Accessories,1,1358.59,0.15,1154.8,2355.39,Yes,Active,2025-09,2025,284.02
ORD00650,CUST0143,2025-09-18,North,Chandigarh,Furniture,Storage,2,8079.12,0.17,6705.67,423.21,Yes,Active,2025-09,2025,918.1
ORD00433,CUST0390,2025-09-18,North,Jaipur,Furniture,Tables,1,9522.04,0.12,8379.4,306.41,No,Active,2025-09,2025,1942.29
ORD00429,CUST0023,2025-09-18,North,Lucknow,Electronics,Mobiles,5,164733.05,0.07,153201.74,1183.99,Yes,Active,2025-09,2025,43661.38
ORD00044,CUST0029,2025-09-18,East,Patna,Office Supplies,Binders,3,2589.87,0.08,2382.68,1790.9,No,Churned,2025-09,2025,414.21
ORD00674,CUST0385,2025-09-19,South,Bengaluru,Office Supplies,Binders,1,718.18,0.15,610.45,2270.42,Yes,Active,2025-09,2025,142.11
ORD01002,CUST0347,2025-09-19,West,Pune,Electronics,Mobiles,5,132938.83,0.09,120974.34,808.89,No,Active,2025-09,2025,32401.68
ORD00811,CUST0037,2025-09-19,West,Ahmedabad,Electronics,Laptops,3,153127.68,0.1,137814.91,1390.52,Yes,Active,2025-09,2025,29234.01
ORD00472,CUST0423,2025-09-19,East,Kolkata,Office Supplies,Writing,5,1722.69,0.2,1378.15,833.05,No,Active,2025-09,2025,343.49
ORD00664,CUST0421,2025-09-20,South,Bengaluru,Furniture,Storage,1,5814.85,0.11,5175.22,2028.47,No,Active,2025-09,2025,910.74
ORD01179,CUST0437,2025-09-20,West,Mumbai,Furniture,Storage,3,13768.83,0.19,11152.75,805.57,Yes,Churned,2025-09,2025,1952.74
ORD00026,CUST0436,2025-09-20,South,Bengaluru,Furniture,Tables,2,18193.11,0.15,15464.14,1734.11,No,Active,2025-09,2025,3713.95
ORD00259,CUST0146,2025-09-21,East,Bhubaneswar,Electronics,Laptops,5,231168.51,0.14,198804.92,535.94,No,Active,2025-09,2025,49099.57
ORD01090,CUST0282,2025-09-21,South,Chennai,Electronics,Mobiles,2,51852.78,0.05,49260.14,899.03,Yes,Active,2025-09,2025,14219.52
ORD00199,CUST0102,2025-09-22,North,Jaipur,Furniture,Storage,2,10446.07,0.2,8356.86,871.55,No,Active,2025-09,2025,1341.03
ORD00297,CUST0066,2025-09-22,South,Kochi,Furniture,Chairs,2,12430.62,0.07,11560.48,2136.78,No,Active,2025-09,2025,2361.57
ORD00025,CUST0469,2025-09-22,East,Kolkata,Furniture,Storage,5,26911.87,0.0,26911.87,1453.9,No,Active,2025-09,2025,4442.95
ORD00936,CUST0300,2025-09-23,North,Delhi,Office Supplies,Binders,4,3152.48,0.08,2900.28,2139.06,No,Churned,2025-09,2025,389.85
ORD00469,CUST0026,2025-09-24,North,Lucknow,Electronics,Mobiles,4,136219.38,0.03,132132.8,1290.11,Yes,Active,2025-09,2025,25446.33
ORD00406,CUST0023,2025-09-24,East,Patna,Furniture,Chairs,4,30057.01,0.04,28854.73,1162.4,No,Active,2025-09,2025,5405.49
ORD01198,CUST0133,2025-09-25,West,Ahmedabad,Electronics,Laptops,5,333551.26,0.1,300196.13,2354.69,No,Active,2025-09,2025,50636.53
ORD00878,CUST0178,2025-09-26,South,Hyderabad,Furniture,Tables,2,23900.32,0.17,19837.27,1581.65,Yes,Active,2025-09,2025,3440.95
ORD00706,CUST0227,2025-09-27,North,Chandigarh,Electronics,Accessories,3,4712.99,0.09,4288.82,944.44,No,Active,2025-09,2025,792.89
ORD01132,CUST0189,2025-09-27,South,Bengaluru,Electronics,Accessories,4,8028.01,0.02,7867.45,1856.58,No,Active,2025-09,2025,2344.43
ORD00395,CUST0225,2025-09-28,West,Surat,Office Supplies,Paper,4,2132.02,0.08,1961.46,2064.85,Yes,Active,2025-09,2025,511.81
ORD00275,CUST0076,2025-09-28,North,Jaipur,Electronics,Mobiles,2,45571.96,0.19,36913.29,1240.52,Yes,Active,2025-09,2025,4904.01
ORD00865,CUST0001,2025-09-28,East,Patna,Electronics,Accessories,3,6462.19,0.09,5880.59,2160.21,No,Active,2025-09,2025,1629.13
ORD00378,CUST0231,2025-09-29,North,Chandigarh,Furniture,Storage,5,19253.61,0.16,16173.03,2169.65,No,Active,2025-09,2025,3784.4
ORD00619,CUST0440,2025-09-30,West,Pune,Furniture,Storage,2,11682.1,0.15,9929.78,2019.6,No,Active,2025-09,2025,2783.39
ORD01041,CUST0144,2025-10-01,North,Delhi,Office Supplies,Writing,3,856.31,0.08,787.81,529.96,Yes,Active,2025-10,2025,142.99
ORD01009,CUST0056,2025-10-02,East,Bhubaneswar,Electronics,Laptops,2,104783.17,0.13,91161.36,2149.39,No,Churned,2025-10,2025,18561.67
ORD00496,CUST0087,2025-10-02,West,Surat,Electronics,Accessories,2,3649.61,0.14,3138.66,1963.21,No,Active,2025-10,2025,882.97
ORD01185,CUST0495,2025-10-02,East,Kolkata,Electronics,Laptops,3,185674.37,0.13,161536.7,1691.44,No,Active,2025-10,2025,27309.91
ORD00048,CUST0106,2025-10-02,West,Pune,Electronics,Laptops,5,248495.36,0.02,243525.45,499.09,No,Active,2025-10,2025,69353.65
ORD01068,CUST0221,2025-10-02,West,Surat,Office Supplies,Writing,3,1219.42,0.1,1097.48,996.52,No,Active,2025-10,2025,295.36
ORD00522,CUST0054,2025-10-03,West,Ahmedabad,Electronics,Mobiles,1,32839.15,0.07,30540.41,323.76,Yes,Active,2025-10,2025,9055.24
ORD01059,CUST0013,2025-10-03,South,Kochi,Electronics,Accessories,5,11235.64,0.12,9887.36,2077.46,No,Active,2025-10,2025,1763.57
ORD00174,CUST0217,2025-10-03,East,Bhubaneswar,Furniture,Chairs,2,14574.91,0.07,13554.67,931.93,Yes,Active,2025-10,2025,2201.76
ORD00285,CUST0057,2025-10-04,South,Hyderabad,Electronics,Laptops,5,296436.71,0.12,260864.3,321.51,No,Active,2025-10,2025,46839.76
ORD00049,CUST0131,2025-10-05,South,Bengaluru,Office Supplies,Binders,1,654.51,0.01,647.96,1394.56,No,Active,2025-10,2025,189.1
ORD00758,CUST0038,2025-10-05,West,Ahmedabad,Furniture,Chairs,1,6134.27,0.1,5520.84,2466.81,Yes,Active,2025-10,2025,993.49
ORD00771,CUST0201,2025-10-06,North,Delhi,Electronics,Accessories,5,9141.11,0.04,8775.47,2182.42,No,Active,2025-10,2025,1945.86
ORD01035,CUST0193,2025-10-06,North,Delhi,Furniture,Chairs,2,14921.79,0.15,12683.52,390.09,Yes,Active,2025-10,2025,2443.64
ORD01087,CUST0449,2025-10-06,North,Lucknow,Office Supplies,Writing,4,1086.74,0.08,999.8,1522.16,No,Active,2025-10,2025,191.28
ORD01146,CUST0203,2025-10-06,South,Kochi,Furniture,Tables,5,59941.88,0.11,53348.27,593.63,Yes,Churned,2025-10,2025,8258.75
ORD01151,CUST0073,2025-10-06,North,Jaipur,Furniture,Chairs,1,4953.13,0.13,4309.22,402.15,No,Churned,2025-10,2025,933.7
ORD00108,CUST0481,2025-10-08,East,Ranchi,Office Supplies,Paper,1,500.62,0.06,470.58,1194.09,No,Active,2025-10,2025,128.42
ORD00801,CUST0270,2025-10-08,North,Lucknow,Electronics,Laptops,2,88448.53,0.18,72527.79,582.88,Yes,Churned,2025-10,2025,9349.36
ORD00812,CUST0107,2025-10-09,West,Mumbai,Electronics,Mobiles,2,61050.76,0.06,57387.71,1032.02,No,Active,2025-10,2025,16072.05
ORD00877,CUST0345,2025-10-10,South,Kochi,Electronics,Accessories,1,1642.15,0.09,1494.36,344.1,No,Active,2025-10,2025,358.33
ORD00977,CUST0366,2025-10-10,East,Ranchi,Electronics,Accessories,1,1636.11,0.12,1439.78,1854.78,Yes,Churned,2025-10,2025,332.61
ORD00584,CUST0488,2025-10-10,South,Bengaluru,Furniture,Storage,1,5093.96,0.05,4839.26,1014.35,No,Churned,2025-10,2025,1125.91
ORD00551,CUST0481,2025-10-10,North,Jaipur,Furniture,Chairs,4,23068.59,0.05,21915.16,2260.64,No,Active,2025-10,2025,3798.52
ORD00709,CUST0415,2025-10-11,East,Bhubaneswar,Electronics,Laptops,4,177263.65,0.05,168400.47,458.36,No,Active,2025-10,2025,32791.95
ORD00616,CUST0225,2025-10-12,West,Ahmedabad,Office Supplies,Binders,4,2775.99,0.12,2442.87,2218.75,No,Active,2025-10,2025,644.61
ORD00777,CUST0286,2025-10-12,North,Lucknow,Electronics,Accessories,1,1832.07,0.07,1703.83,1229.59,Yes,Active,2025-10,2025,298.42
ORD01082,CUST0202,2025-10-12,North,Lucknow,Electronics,Accessories,4,6753.07,0.11,6010.23,941.49,No,Active,2025-10,2025,1229.71
ORD01147,CUST0409,2025-10-12,West,Ahmedabad,Furniture,Storage,3,15526.36,0.07,14439.51,2072.89,Yes,Churned,2025-10,2025,1783.77
ORD00934,CUST0447,2025-10-12,North,Delhi,Furniture,Chairs,4,26198.97,0.05,24889.02,898.93,No,Active,2025-10,2025,6273.04
ORD00434,CUST0419,2025-10-13,East,Patna,Office Supplies,Paper,2,871.79,0.06,819.48,320.72,Yes,Active,2025-10,2025,159.95
ORD01064,CUST0362,2025-10-13,North,Chandigarh,Furniture,Storage,1,5935.03,0.2,4748.02,2169.86,No,Active,2025-10,2025,1018.76
ORD00375,CUST0480,2025-10-14,North,Jaipur,Electronics,Mobiles,5,134138.39,0.03,130114.24,466.39,No,Active,2025-10,2025,18299.8
ORD00038,CUST0157,2025-10-14,North,Jaipur,Furniture,Tables,3,33490.28,0.1,30141.25,2385.3,No,Active,2025-10,2025,8997.42
ORD00628,CUST0399,2025-10-14,South,Kochi,Office Supplies,Binders,5,3945.44,0.18,3235.26,2429.53,No,Active,2025-10,2025,564.37
ORD01000,CUST0431,2025-10-14,West,Mumbai,Electronics,Laptops,1,47728.68,0.11,42478.53,2082.96,Yes,Active,2025-10,2025,9952.64
ORD00526,CUST0232,2025-10-15,West,Pune,Electronics,Accessories,2,3727.37,0.06,3503.73,1382.11,No,Churned,2025-10,2025,787.02
ORD01126,CUST0099,2025-10-15,East,Kolkata,Office Supplies,Paper,1,580.91,0.09,528.63,690.3,No,Active,2025-10,2025,138.14
ORD00902,CUST0378,2025-10-15,East,Kolkata,Furniture,Chairs,1,5201.83,0.14,4473.57,2207.58,No,Active,2025-10,2025,773.44
ORD00178,CUST0023,2025-10-15,West,Mumbai,Furniture,Chairs,2,15306.24,0.18,12551.12,1627.49,Yes,Active,2025-10,2025,3213.93
ORD01164,CUST0203,2025-10-16,South,Kochi,Furniture,Tables,3,38692.7,0.18,31728.01,331.98,No,Active,2025-10,2025,5991.84
ORD00326,CUST0161,2025-10-16,South,Hyderabad,Electronics,Mobiles,3,87699.93,0.1,78929.94,678.77,No,Active,2025-10,2025,15313.12
ORD00292,CUST0078,2025-10-17,West,Ahmedabad,Electronics,Mobiles,3,82867.16,0.04,79552.47,2152.36,No,Active,2025-10,2025,19179.17
ORD00987,CUST0318,2025-10-17,East,Kolkata,Office Supplies,Writing,2,866.94,0.13,754.24,1787.18,Yes,Active,2025-10,2025,196.99
ORD00348,CUST0047,2025-10-17,East,Patna,Furniture,Storage,5,18932.61,0.07,17607.33,459.26,No,Active,2025-10,2025,4226.39
ORD00516,CUST0142,2025-10-18,West,Surat,Office Supplies,Binders,5,3109.52,0.19,2518.71,531.21,No,Active,2025-10,2025,710.22
ORD00860,CUST0047,2025-10-19,West,Ahmedabad,Furniture,Storage,4,23560.01,0.01,23324.41,939.59,No,Churned,2025-10,2025,3996.14
ORD00524,CUST0439,2025-10-21,West,Pune,Electronics,Accessories,1,1351.48,0.14,1162.27,549.19,Yes,Active,2025-10,2025,327.89
ORD00075,CUST0444,2025-10-21,North,Lucknow,Furniture,Chairs,1,5314.91,0.04,5102.31,1722.0,No,Active,2025-10,2025,732.46
ORD00240,CUST0054,2025-10-22,East,Patna,Furniture,Storage,5,26596.82,0.19,21543.42,1158.63,No,Active,2025-10,2025,5142.75
ORD00487,CUST0473,2025-10-22,West,Surat,Office Supplies,Binders,4,3308.88,0.14,2845.64,1312.14,No,Active,2025-10,2025,621.98
ORD01183,CUST0011,2025-10-22,East,Bhubaneswar,Office Supplies,Paper,3,1654.12,0.19,1339.84,1262.16,No,Active,2025-10,2025,280.07
ORD00643,CUST0030,2025-10-22,East,Ranchi,Furniture,Storage,3,18381.14,0.08,16910.65,1958.1,No,Active,2025-10,2025,2975.67
ORD00192,CUST0099,2025-10-23,West,Pune,Electronics,Laptops,3,199447.3,0.16,167535.73,2196.14,Yes,Active,2025-10,2025,35295.07
ORD01116,CUST0130,2025-10-23,West,Mumbai,Electronics,Accessories,2,4401.67,0.17,3653.39,1261.78,Yes,Active,2025-10,2025,544.79
ORD00040,CUST0125,2025-10-24,West,Ahmedabad,Electronics,Mobiles,2,67875.02,0.06,63802.52,1304.11,Yes,Active,2025-10,2025,11897.75
ORD00679,CUST0405,2025-10-24,South,Kochi,Electronics,Laptops,1,56770.87,0.04,54500.04,457.81,No,Active,2025-10,2025,7508.07
ORD00100,CUST0421,2025-10-24,North,Chandigarh,Office Supplies,Paper,3,1784.08,0.1,1605.67,1883.07,No,Active,2025-10,2025,357.96
ORD00654,CUST0112,2025-10-24,North,Delhi,Office Supplies,Paper,4,2008.14,0.09,1827.41,1009.39,Yes,Active,2025-10,2025,250.79
ORD01046,CUST0299,2025-10-25,West,Pune,Furniture,Tables,1,11079.69,0.05,10525.71,401.78,No,Active,2025-10,2025,1566.88
ORD00611,CUST0063,2025-10-25,North,Chandigarh,Furniture,Storage,3,12539.07,0.15,10658.21,1264.95,No,Active,2025-10,2025,1442.95
ORD00402,CUST0418,2025-10-25,East,Patna,Electronics,Accessories,3,5125.36,0.07,4766.58,1852.67,No,Active,2025-10,2025,899.15
ORD00379,CUST0201,2025-10-26,South,Bengaluru,Furniture,Chairs,4,26158.79,0.14,22496.56,943.53,No,Active,2025-10,2025,6109.0
ORD00831,CUST0212,2025-10-26,North,Lucknow,Electronics,Accessories,5,9145.0,0.19,7407.45,1915.3,No,Active,2025-10,2025,2098.1
ORD00328,CUST0038,2025-10-27,West,Mumbai,Electronics,Mobiles,4,119110.23,0.08,109581.41,2231.26,Yes,Active,2025-10,2025,14567.76
ORD00467,CUST0443,2025-10-28,East,Ranchi,Electronics,Mobiles,4,128411.53,0.15,109149.8,1260.48,No,Active,2025-10,2025,25564.96
ORD00016,CUST0244,2025-10-28,North,Delhi,Electronics,Mobiles,3,82914.9,0.02,81256.6,1631.98,No,Active,2025-10,2025,19760.74
ORD00385,CUST0500,2025-10-28,North,Chandigarh,Office Supplies,Paper,3,1414.45,0.2,1131.56,1419.12,Yes,Active,2025-10,2025,244.51
ORD00569,CUST0298,2025-10-29,West,Ahmedabad,Electronics,Laptops,1,65628.82,0.02,64316.24,1644.25,No,Active,2025-10,2025,15439.58
ORD01088,CUST0401,2025-10-29,East,Kolkata,Electronics,Laptops,4,214525.99,0.19,173766.05,1927.17,No,Active,2025-10,2025,28161.28
ORD00521,CUST0168,2025-10-29,East,Bhubaneswar,Electronics,Mobiles,5,126810.02,0.17,105252.32,1019.17,Yes,Active,2025-10,2025,21906.79
ORD00765,CUST0068,2025-10-30,North,Delhi,Furniture,Chairs,3,15725.22,0.18,12894.68,893.2,No,Active,2025-10,2025,2454.6
ORD00037,CUST0471,2025-10-30,East,Kolkata,Office Supplies,Paper,4,2441.58,0.0,2441.58,2345.54,Yes,Active,2025-10,2025,332.41
ORD01021,CUST0250,2025-10-31,West,Surat,Office Supplies,Paper,4,1742.54,0.15,1481.16,411.31,No,Active,2025-10,2025,344.52
ORD01192,CUST0108,2025-10-31,West,Pune,Electronics,Mobiles,4,88457.88,0.06,83150.41,1400.66,No,Active,2025-10,2025,17389.97
ORD01049,CUST0441,2025-10-31,North,Jaipur,Furniture,Tables,2,20456.92,0.03,19843.21,1963.12,Yes,Active,2025-10,2025,3364.05
ORD00422,CUST0280,2025-10-31,South,Bengaluru,Electronics,Laptops,4,225051.59,0.16,189043.34,461.27,No,Active,2025-10,2025,38803.67
ORD01024,CUST0189,2025-11-01,South,Chennai,Electronics,Accessories,3,4672.04,0.05,4438.44,716.88,Yes,Active,2025-11,2025,1152.01
ORD00369,CUST0126,2025-11-01,West,Ahmedabad,Furniture,Chairs,3,15181.89,0.05,14422.8,1228.03,Yes,Active,2025-11,2025,3811.92
ORD00484,CUST0283,2025-11-01,South,Chennai,Office Supplies,Writing,2,606.58,0.14,521.66,319.8,Yes,Active,2025-11,2025,123.59
ORD00456,CUST0173,2025-11-02,West,Ahmedabad,Office Supplies,Binders,4,3443.26,0.04,3305.53,965.89,No,Active,2025-11,2025,674.97
ORD00062,CUST0493,2025-11-02,West,Ahmedabad,Office Supplies,Paper,1,403.53,0.17,334.93,444.27,No,Active,2025-11,2025,74.9
ORD00468,CUST0423,2025-11-03,North,Delhi,Office Supplies,Paper,2,1240.62,0.15,1054.53,1694.35,Yes,Active,2025-11,2025,199.63
ORD00755,CUST0300,2025-11-03,South,Hyderabad,Office Supplies,Paper,4,1945.96,0.13,1692.99,1720.67,No,Active,2025-11,2025,241.73
ORD00008,CUST0299,2025-11-03,North,Chandigarh,Furniture,Chairs,3,19729.74,0.1,17756.77,1444.3,Yes,Active,2025-11,2025,3363.34
ORD00336,CUST0124,2025-11-03,East,Bhubaneswar,Electronics,Laptops,2,125988.01,0.02,123468.25,1425.5,No,Churned,2025-11,2025,26602.46
ORD00309,CUST0325,2025-11-03,East,Ranchi,Furniture,Chairs,4,31304.2,0.05,29738.99,1983.6,No,Active,2025-11,2025,6774.25
ORD01186,CUST0167,2025-11-04,East,Bhubaneswar,Furniture,Storage,4,17359.97,0.18,14235.18,934.25,No,Active,2025-11,2025,4106.05
ORD01095,CUST0053,2025-11-04,South,Kochi,Electronics,Mobiles,5,149513.75,0.01,148018.61,1924.37,No,Active,2025-11,2025,38473.0
ORD00673,CUST0201,2025-11-04,South,Hyderabad,Furniture,Storage,4,21888.11,0.2,17510.49,1280.41,No,Active,2025-11,2025,2580.32
ORD00556,CUST0069,2025-11-04,East,Ranchi,Office Supplies,Binders,4,3061.12,0.13,2663.17,826.37,No,Active,2025-11,2025,403.08
ORD00186,CUST0134,2025-11-04,North,Jaipur,Electronics,Accessories,5,9239.81,0.02,9055.01,1515.11,No,Active,2025-11,2025,1250.4
ORD00740,CUST0048,2025-11-04,East,Patna,Electronics,Laptops,1,66473.57,0.13,57832.01,2023.88,Yes,Active,2025-11,2025,14624.14
ORD00148,CUST0298,2025-11-05,West,Ahmedabad,Electronics,Laptops,1,46733.82,0.15,39723.75,2177.62,Yes,Active,2025-11,2025,9815.82
ORD00588,CUST0113,2025-11-05,West,Surat,Furniture,Storage,3,12929.43,0.1,11636.49,1368.09,No,Active,2025-11,2025,3462.38
ORD00590,CUST0243,2025-11-06,North,Chandigarh,Furniture,Chairs,3,18901.81,0.14,16255.56,1337.01,No,Active,2025-11,2025,3478.11
ORD01028,CUST0123,2025-11-06,West,Mumbai,Furniture,Chairs,5,26296.37,0.12,23140.81,1064.03,No,Active,2025-11,2025,6219.2
ORD00443,CUST0254,2025-11-06,North,Delhi,Furniture,Tables,2,26879.32,0.05,25535.35,2198.52,Yes,Active,2025-11,2025,5713.77
ORD00499,CUST0423,2025-11-07,North,Delhi,Office Supplies,Binders,5,3434.54,0.04,3297.16,981.12,No,Active,2025-11,2025,914.42
ORD00050,CUST0357,2025-11-08,South,Kochi,Furniture,Chairs,1,6664.03,0.1,5997.63,878.78,Yes,Active,2025-11,2025,1498.11
ORD00204,CUST0280,2025-11-09,North,Chandigarh,Office Supplies,Writing,2,803.77,0.06,755.54,517.11,No,Active,2025-11,2025,178.1
ORD00926,CUST0081,2025-11-09,West,Pune,Furniture,Tables,1,10555.25,0.07,9816.38,1747.14,No,Active,2025-11,2025,2176.51
ORD00093,CUST0147,2025-11-09,South,Kochi,Furniture,Storage,1,4385.65,0.11,3903.23,757.14,No,Active,2025-11,2025,976.33
ORD00599,CUST0469,2025-11-10,East,Patna,Electronics,Laptops,2,99804.59,0.13,86829.99,2250.55,Yes,Active,2025-11,2025,16978.54
ORD00940,CUST0454,2025-11-10,South,Bengaluru,Office Supplies,Paper,4,2360.67,0.03,2289.85,380.59,No,Active,2025-11,2025,314.59
ORD00139,CUST0101,2025-11-11,West,Pune,Electronics,Accessories,3,4364.44,0.02,4277.15,1761.79,No,Active,2025-11,2025,544.04
ORD00726,CUST0142,2025-11-12,North,Delhi,Electronics,Laptops,4,229144.06,0.02,224561.18,1636.93,No,Active,2025-11,2025,46309.97
ORD00572,CUST0369,2025-11-13,West,Ahmedabad,Office Supplies,Paper,5,2208.84,0.07,2054.22,1963.71,No,Active,2025-11,2025,468.1
ORD00624,CUST0173,2025-11-13,South,Kochi,Office Supplies,Paper,4,2105.93,0.05,2000.63,1507.0,No,Active,2025-11,2025,268.47
ORD01057,CUST0017,2025-11-14,East,Patna,Furniture,Storage,2,10945.61,0.01,10836.15,1552.42,Yes,Active,2025-11,2025,1859.95
ORD01134,CUST0020,2025-11-14,West,Mumbai,Furniture,Tables,5,43007.28,0.17,35696.04,2074.29,Yes,Active,2025-11,2025,6352.67
ORD01121,CUST0374,2025-11-15,South,Hyderabad,Office Supplies,Paper,5,2988.05,0.15,2539.84,1829.57,No,Active,2025-11,2025,562.07
ORD00684,CUST0493,2025-11-15,East,Kolkata,Office Supplies,Writing,2,774.43,0.06,727.96,1749.88,No,Active,2025-11,2025,123.85
ORD01063,CUST0353,2025-11-16,West,Pune,Office Supplies,Paper,5,2783.6,0.14,2393.9,644.14,Yes,Churned,2025-11,2025,328.48
ORD00534,CUST0175,2025-11-16,North,Jaipur,Furniture,Storage,3,16896.36,0.02,16558.43,1955.14,Yes,Active,2025-11,2025,2478.37
ORD00759,CUST0355,2025-11-16,North,Delhi,Furniture,Chairs,1,6771.12,0.14,5823.16,467.19,No,Churned,2025-11,2025,881.11
ORD00892,CUST0188,2025-11-16,West,Surat,Office Supplies,Writing,5,2171.03,0.11,1932.22,2407.23,Yes,Active,2025-11,2025,524.96
ORD00256,CUST0463,2025-11-17,West,Mumbai,Office Supplies,Writing,3,982.86,0.18,805.95,1149.42,No,Active,2025-11,2025,137.96
ORD00997,CUST0464,2025-11-19,North,Lucknow,Furniture,Storage,3,18177.49,0.13,15814.42,2170.38,No,Active,2025-11,2025,3932.17
ORD00677,CUST0255,2025-11-20,East,Kolkata,Furniture,Chairs,2,16040.33,0.03,15559.12,624.4,Yes,Active,2025-11,2025,3457.41
ORD01045,CUST0407,2025-11-21,South,Kochi,Office Supplies,Paper,3,1358.04,0.14,1167.91,2443.57,Yes,Churned,2025-11,2025,345.55
ORD00189,CUST0268,2025-11-22,West,Ahmedabad,Office Supplies,Binders,3,1786.93,0.17,1483.15,1180.07,No,Active,2025-11,2025,250.81
ORD00871,CUST0342,2025-11-22,North,Delhi,Office Supplies,Binders,5,3177.99,0.17,2637.73,2135.74,Yes,Active,2025-11,2025,391.72
ORD00802,CUST0432,2025-11-23,South,Kochi,Electronics,Laptops,4,257631.75,0.02,252479.12,340.44,No,Active,2025-11,2025,32662.42
ORD01039,CUST0071,2025-11-24,North,Jaipur,Electronics,Mobiles,3,73769.35,0.12,64917.03,2242.12,No,Churned,2025-11,2025,10605.67
ORD00653,CUST0285,2025-11-25,West,Pune,Office Supplies,Paper,4,2329.15,0.04,2235.98,672.07,Yes,Active,2025-11,2025,543.64
ORD01065,CUST0352,2025-11-25,South,Bengaluru,Furniture,Chairs,4,22369.26,0.14,19237.56,1897.62,Yes,Active,2025-11,2025,2603.74
ORD00665,CUST0316,2025-11-25,North,Jaipur,Office Supplies,Writing,4,1537.59,0.12,1353.08,1016.71,No,Active,2025-11,2025,221.97
ORD00927,CUST0084,2025-11-26,North,Delhi,Furniture,Storage,5,20166.25,0.02,19762.92,2410.05,No,Active,2025-11,2025,5414.16
ORD00180,CUST0158,2025-11-26,West,Pune,Furniture,Storage,2,11917.82,0.11,10606.86,645.22,No,Active,2025-11,2025,2385.82
ORD00980,CUST0474,2025-11-26,South,Kochi,Furniture,Chairs,4,23423.52,0.14,20144.23,792.31,No,Active,2025-11,2025,2669.39
ORD00090,CUST0300,2025-11-26,South,Chennai,Electronics,Mobiles,3,78273.11,0.01,77490.38,1181.94,No,Active,2025-11,2025,9963.94
ORD00153,CUST0361,2025-11-27,North,Lucknow,Furniture,Storage,5,30442.23,0.09,27702.43,2499.45,No,Active,2025-11,2025,3629.08
ORD00159,CUST0305,2025-11-27,North,Jaipur,Electronics,Accessories,5,7490.83,0.09,6816.66,2418.36,No,Active,2025-11,2025,1973.68
ORD00167,CUST0183,2025-11-27,East,Patna,Office Supplies,Paper,4,1783.36,0.16,1498.02,441.9,No,Active,2025-11,2025,408.92
ORD00735,CUST0043,2025-11-27,South,Hyderabad,Furniture,Chairs,2,14244.2,0.04,13674.43,1518.09,Yes,Active,2025-11,2025,3720.66
ORD00349,CUST0099,2025-11-27,East,Kolkata,Electronics,Laptops,1,51160.33,0.04,49113.92,938.81,No,Active,2025-11,2025,14064.21
ORD00105,CUST0322,2025-11-27,South,Bengaluru,Office Supplies,Paper,3,1517.75,0.09,1381.15,354.69,No,Active,2025-11,2025,291.35
ORD00579,CUST0335,2025-11-28,South,Kochi,Electronics,Accessories,1,2163.72,0.19,1752.61,522.08,No,Active,2025-11,2025,288.34
ORD00753,CUST0293,2025-11-28,South,Hyderabad,Furniture,Chairs,5,25042.36,0.2,20033.89,2010.13,Yes,Churned,2025-11,2025,3851.37
ORD00969,CUST0245,2025-11-28,South,Bengaluru,Furniture,Tables,4,42742.25,0.05,40605.14,1163.69,No,Active,2025-11,2025,10126.74
ORD00242,CUST0049,2025-11-29,West,Pune,Electronics,Laptops,2,128906.53,0.02,126328.4,1774.98,No,Active,2025-11,2025,35079.62
ORD00717,CUST0191,2025-11-29,West,Surat,Office Supplies,Paper,3,1782.46,0.01,1764.64,880.83,No,Active,2025-11,2025,349.96
ORD00123,CUST0247,2025-11-29,South,Chennai,Office Supplies,Writing,1,344.67,0.09,313.65,1330.92,No,Active,2025-11,2025,67.86
ORD01011,CUST0270,2025-11-29,North,Delhi,Office Supplies,Paper,4,2128.87,0.0,2128.87,1997.45,Yes,Churned,2025-11,2025,612.52
ORD00539,CUST0307,2025-11-30,North,Lucknow,Electronics,Mobiles,4,123511.51,0.11,109925.24,311.17,No,Active,2025-11,2025,15318.06
ORD00187,CUST0267,2025-11-30,South,Chennai,Office Supplies,Binders,5,3535.79,0.01,3500.43,1617.54,No,Active,2025-11,2025,963.37
ORD00409,CUST0043,2025-11-30,East,Bhubaneswar,Electronics,Accessories,5,8206.79,0.05,7796.45,1151.8,No,Active,2025-11,2025,1159.14
ORD00209,CUST0322,2025-12-01,South,Hyderabad,Furniture,Chairs,3,21359.58,0.0,21359.58,2034.48,No,Active,2025-12,2025,4423.46
ORD00670,CUST0244,2025-12-01,West,Pune,Office Supplies,Paper,5,3032.89,0.12,2668.94,475.24,Yes,Active,2025-12,2025,425.21
ORD00257,CUST0244,2025-12-01,West,Pune,Furniture,Storage,3,15164.13,0.14,13041.15,1817.61,No,Churned,2025-12,2025,2980.3
ORD01115,CUST0154,2025-12-01,West,Ahmedabad,Office Supplies,Binders,4,2782.37,0.04,2671.08,1018.72,Yes,Active,2025-12,2025,589.09
ORD00325,CUST0161,2025-12-02,South,Chennai,Furniture,Tables,2,17838.65,0.1,16054.79,2205.25,No,Active,2025-12,2025,3024.74
ORD00205,CUST0451,2025-12-03,East,Bhubaneswar,Furniture,Tables,2,24824.34,0.01,24576.1,1575.57,Yes,Churned,2025-12,2025,6768.13
ORD00952,CUST0098,2025-12-03,East,Patna,Electronics,Laptops,5,305144.73,0.14,262424.47,2372.0,No,Churned,2025-12,2025,62658.15
ORD01155,CUST0458,2025-12-03,East,Bhubaneswar,Office Supplies,Paper,5,2141.43,0.06,2012.94,1280.71,No,Active,2025-12,2025,502.87
ORD00113,CUST0354,2025-12-04,East,Kolkata,Furniture,Chairs,1,6044.33,0.09,5500.34,800.11,Yes,Active,2025-12,2025,809.2
ORD00445,CUST0221,2025-12-04,East,Kolkata,Electronics,Accessories,5,8052.48,0.03,7810.91,1599.79,No,Active,2025-12,2025,2179.01
ORD00928,CUST0199,2025-12-05,East,Patna,Electronics,Mobiles,1,23406.78,0.09,21300.17,2348.4,No,Active,2025-12,2025,3196.46
ORD00809,CUST0393,2025-12-05,South,Chennai,Electronics,Accessories,2,4232.53,0.15,3597.65,1587.17,No,Active,2025-12,2025,575.99
ORD00294,CUST0072,2025-12-05,South,Bengaluru,Electronics,Laptops,4,241927.34,0.05,229830.97,1750.59,Yes,Active,2025-12,2025,32877.3
ORD00431,CUST0420,2025-12-06,North,Lucknow,Office Supplies,Binders,1,543.82,0.1,489.44,1911.94,No,Active,2025-12,2025,97.53
ORD01165,CUST0129,2025-12-06,North,Jaipur,Furniture,Chairs,5,25334.56,0.12,22294.41,478.09,Yes,Active,2025-12,2025,6237.7
ORD00744,CUST0161,2025-12-06,North,Chandigarh,Office Supplies,Paper,1,453.05,0.11,403.21,613.84,No,Active,2025-12,2025,66.71
ORD00668,CUST0203,2025-12-07,East,Kolkata,Electronics,Mobiles,1,28866.09,0.18,23670.19,1018.9,No,Active,2025-12,2025,4432.85
ORD00232,CUST0226,2025-12-07,East,Kolkata,Furniture,Storage,5,19387.19,0.11,17254.6,573.76,No,Active,2025-12,2025,4698.29
ORD00688,CUST0403,2025-12-08,North,Jaipur,Electronics,Laptops,3,154953.52,0.04,148755.38,1460.49,Yes,Active,2025-12,2025,34393.25
ORD00347,CUST0299,2025-12-08,West,Surat,Office Supplies,Binders,2,1455.28,0.08,1338.86,310.37,Yes,Active,2025-12,2025,341.8
ORD00245,CUST0336,2025-12-08,West,Ahmedabad,Office Supplies,Binders,5,4307.83,0.04,4135.52,1600.97,No,Active,2025-12,2025,655.56
ORD00458,CUST0153,2025-12-09,East,Patna,Electronics,Laptops,1,43674.18,0.13,37996.54,900.15,Yes,Active,2025-12,2025,9459.93
ORD00396,CUST0038,2025-12-10,East,Ranchi,Furniture,Tables,5,61218.06,0.14,52647.53,1067.27,No,Active,2025-12,2025,8474.67
ORD00273,CUST0014,2025-12-14,East,Kolkata,Office Supplies,Paper,4,2071.79,0.13,1802.46,635.04,Yes,Active,2025-12,2025,536.62
ORD00161,CUST0405,2025-12-14,West,Pune,Office Supplies,Writing,2,530.02,0.11,471.72,690.63,No,Active,2025-12,2025,104.15
ORD00216,CUST0351,2025-12-15,North,Jaipur,Office Supplies,Paper,5,2087.34,0.15,1774.24,419.93,No,Active,2025-12,2025,435.07
ORD00440,CUST0350,2025-12-15,West,Pune,Office Supplies,Writing,1,277.24,0.18,227.34,2317.31,Yes,Active,2025-12,2025,32.13
ORD00958,CUST0216,2025-12-16,North,Lucknow,Electronics,Laptops,4,209261.04,0.16,175779.27,1467.53,No,Active,2025-12,2025,29024.33
ORD01075,CUST0368,2025-12-16,North,Jaipur,Office Supplies,Paper,1,418.92,0.04,402.16,684.14,No,Churned,2025-12,2025,58.37
ORD00851,CUST0244,2025-12-17,West,Pune,Furniture,Storage,3,14309.17,0.04,13736.8,1973.33,No,Active,2025-12,2025,2613.16
ORD00575,CUST0357,2025-12-17,West,Ahmedabad,Office Supplies,Paper,2,912.94,0.04,876.42,2099.27,No,Churned,2025-12,2025,149.99
ORD00737,CUST0220,2025-12-17,East,Patna,Electronics,Mobiles,1,29739.37,0.04,28549.8,423.74,No,Active,2025-12,2025,7192.44
ORD00271,CUST0281,2025-12-17,South,Chennai,Furniture,Chairs,2,9822.01,0.13,8545.15,992.89,Yes,Active,2025-12,2025,1192.63
ORD00956,CUST0429,2025-12-17,West,Surat,Electronics,Mobiles,4,110674.05,0.0,110674.05,1401.28,Yes,Active,2025-12,2025,28262.91
ORD00405,CUST0210,2025-12-17,East,Ranchi,Electronics,Laptops,2,133183.24,0.1,119864.92,1754.97,Yes,Active,2025-12,2025,15369.9
ORD00223,CUST0497,2025-12-18,South,Hyderabad,Electronics,Mobiles,2,42622.12,0.13,37081.24,1614.75,No,Active,2025-12,2025,5798.14
ORD00262,CUST0378,2025-12-18,South,Chennai,Furniture,Tables,4,47350.05,0.12,41668.04,2482.56,No,Churned,2025-12,2025,10940.1
ORD00824,CUST0196,2025-12-18,West,Mumbai,Electronics,Accessories,3,6557.21,0.16,5508.06,1655.76,Yes,Active,2025-12,2025,1397.39
ORD00324,CUST0488,2025-12-19,South,Chennai,Electronics,Mobiles,1,27923.3,0.11,24851.74,2086.8,No,Active,2025-12,2025,5112.96
ORD00334,CUST0294,2025-12-22,West,Mumbai,Electronics,Mobiles,2,46609.37,0.05,44278.9,2196.13,No,Active,2025-12,2025,5711.84
ORD01066,CUST0264,2025-12-22,West,Mumbai,Furniture,Storage,2,8292.24,0.18,6799.64,2152.02,No,Active,2025-12,2025,1562.43
ORD00103,CUST0297,2025-12-23,South,Hyderabad,Electronics,Mobiles,1,26201.65,0.11,23319.47,1141.47,No,Active,2025-12,2025,4505.56
ORD00276,CUST0084,2025-12-23,East,Ranchi,Furniture,Storage,3,14318.14,0.06,13459.05,1912.24,No,Active,2025-12,2025,2381.92
ORD00961,CUST0316,2025-12-24,North,Delhi,Furniture,Chairs,5,26891.44,0.19,21782.07,1493.67,No,Active,2025-12,2025,5124.75
ORD00101,CUST0155,2025-12-26,West,Ahmedabad,Electronics,Laptops,4,226418.75,0.14,194720.12,1089.51,No,Churned,2025-12,2025,38669.59
ORD00525,CUST0111,2025-12-26,South,Bengaluru,Furniture,Storage,5,23455.19,0.09,21344.22,2000.34,Yes,Active,2025-12,2025,2916.38
ORD00030,CUST0303,2025-12-26,East,Patna,Furniture,Tables,1,13164.99,0.13,11453.54,928.85,No,Active,2025-12,2025,3262.78
ORD00578,CUST0475,2025-12-26,South,Hyderabad,Furniture,Tables,3,25051.54,0.03,24299.99,1084.06,No,Active,2025-12,2025,6321.13
ORD00553,CUST0007,2025-12-27,North,Chandigarh,Electronics,Mobiles,3,66408.9,0.17,55119.39,469.72,Yes,Active,2025-12,2025,7173.68
ORD00089,CUST0479,2025-12-27,East,Ranchi,Electronics,Accessories,5,6938.84,0.17,5759.24,1465.06,No,Active,2025-12,2025,1235.42
ORD00562,CUST0392,2025-12-27,West,Ahmedabad,Office Supplies,Binders,4,2848.95,0.12,2507.08,1908.04,No,Active,2025-12,2025,338.48
ORD01044,CUST0380,2025-12-29,North,Chandigarh,Office Supplies,Paper,2,1125.17,0.14,967.65,2266.74,No,Active,2025-12,2025,261.95
ORD01036,CUST0127,2025-12-29,South,Kochi,Furniture,Chairs,3,15380.46,0.05,14611.44,1460.1,No,Churned,2025-12,2025,3365.64
ORD00666,CUST0166,2025-12-29,North,Chandigarh,Office Supplies,Binders,5,4242.13,0.19,3436.13,2097.4,No,Churned,2025-12,2025,519.0
ORD00762,CUST0231,2025-12-29,South,Chennai,Furniture,Storage,5,24753.68,0.2,19802.94,1876.78,Yes,Active,2025-12,2025,2450.29
ORD01055,CUST0052,2025-12-30,North,Jaipur,Office Supplies,Binders,2,1382.82,0.01,1368.99,344.12,No,Churned,2025-12,2025,172.06
ORD00447,CUST0187,2025-12-31,West,Ahmedabad,Electronics,Laptops,5,316696.17,0.01,313529.21,339.57,No,Active,2025-12,2025,66256.81
ORD00694,CUST0356,2025-12-31,East,Patna,Electronics,Mobiles,3,87183.01,0.05,82823.86,1050.24,Yes,Active,2025-12,2025,20887.12
ORD00863,CUST0306,2025-12-31,South,Hyderabad,Office Supplies,Binders,2,1145.79,0.2,916.63,1005.07,No,Active,2025-12,2025,129.93
ORD01034,CUST0040,2025-12-31,South,Hyderabad,Office Supplies,Paper,3,1379.21,0.04,1324.04,1569.14,No,Active,2025-12,2025,211.62
ORD00149,CUST0339,2026-01-01,North,Jaipur,Office Supplies,Paper,1,441.12,0.13,383.77,1922.22,No,Active,2026-01,2026,68.66
ORD01125,CUST0204,2026-01-02,South,Hyderabad,Office Supplies,Writing,4,1716.5,0.13,1493.36,1196.24,No,Churned,2026-01,2026,237.82
ORD00418,CUST0109,2026-01-02,South,Chennai,Furniture,Chairs,4,30061.08,0.0,30061.08,1860.08,No,Active,2026-01,2026,5724.85
ORD00512,CUST0137,2026-01-03,South,Chennai,Electronics,Laptops,1,65864.06,0.06,61912.22,1461.7,No,Active,2026-01,2026,13665.93
ORD01124,CUST0287,2026-01-03,West,Surat,Electronics,Mobiles,3,76621.81,0.15,65128.54,420.31,Yes,Active,2026-01,2026,15845.03
ORD00813,CUST0092,2026-01-04,North,Chandigarh,Office Supplies,Paper,5,2217.65,0.16,1862.83,456.6,Yes,Active,2026-01,2026,546.7
ORD00559,CUST0363,2026-01-04,East,Patna,Electronics,Laptops,1,62512.55,0.02,61262.3,1585.5,No,Active,2026-01,2026,17616.09
ORD00125,CUST0081,2026-01-05,North,Delhi,Office Supplies,Paper,2,1247.82,0.1,1123.04,2251.05,No,Active,2026-01,2026,250.01
ORD00152,CUST0133,2026-01-05,West,Surat,Furniture,Tables,2,18899.92,0.04,18143.92,1944.71,No,Active,2026-01,2026,4574.94
ORD00323,CUST0291,2026-01-05,East,Kolkata,Electronics,Laptops,1,48827.26,0.07,45409.35,517.52,No,Active,2026-01,2026,13221.25
ORD00131,CUST0045,2026-01-06,East,Bhubaneswar,Furniture,Storage,3,13813.85,0.02,13537.57,338.03,Yes,Active,2026-01,2026,1827.91
ORD00201,CUST0271,2026-01-06,West,Ahmedabad,Electronics,Laptops,2,107336.11,0.16,90162.33,2496.03,Yes,Active,2026-01,2026,10910.93
ORD01084,CUST0244,2026-01-07,East,Ranchi,Electronics,Mobiles,2,42199.98,0.15,35869.98,2344.91,No,Churned,2026-01,2026,4496.8
ORD00727,CUST0251,2026-01-07,West,Mumbai,Furniture,Storage,1,5197.41,0.08,4781.62,1185.88,No,Active,2026-01,2026,1058.66
ORD00229,CUST0040,2026-01-07,North,Chandigarh,Furniture,Tables,1,8881.14,0.1,7993.03,815.03,No,Active,2026-01,2026,2056.69
ORD00763,CUST0478,2026-01-07,North,Chandigarh,Office Supplies,Binders,2,1513.19,0.13,1316.48,1853.18,Yes,Active,2026-01,2026,244.96
ORD00937,CUST0423,2026-01-08,South,Bengaluru,Electronics,Laptops,5,330857.11,0.05,314314.25,626.99,No,Churned,2026-01,2026,68565.47
ORD00299,CUST0068,2026-01-08,North,Lucknow,Electronics,Accessories,5,9059.29,0.1,8153.36,1363.48,No,Active,2026-01,2026,1736.22
ORD00846,CUST0101,2026-01-09,North,Jaipur,Office Supplies,Paper,4,1683.78,0.04,1616.43,1291.55,No,Active,2026-01,2026,221.55
ORD00828,CUST0264,2026-01-09,South,Kochi,Office Supplies,Binders,5,3843.34,0.08,3535.87,626.66,No,Churned,2026-01,2026,628.98
ORD00515,CUST0421,2026-01-10,South,Bengaluru,Electronics,Mobiles,3,68769.19,0.17,57078.43,766.5,No,Churned,2026-01,2026,7049.09
ORD01187,CUST0247,2026-01-11,East,Bhubaneswar,Electronics,Mobiles,4,92038.51,0.17,76391.96,1704.6,No,Active,2026-01,2026,10689.3
ORD01135,CUST0333,2026-01-11,West,Mumbai,Electronics,Mobiles,5,110203.42,0.05,104693.25,695.22,No,Active,2026-01,2026,27862.48
ORD00991,CUST0147,2026-01-12,South,Bengaluru,Electronics,Mobiles,2,64765.76,0.2,51812.61,788.58,Yes,Active,2026-01,2026,13952.85
ORD01127,CUST0350,2026-01-13,East,Bhubaneswar,Office Supplies,Paper,5,2761.25,0.19,2236.61,541.2,No,Active,2026-01,2026,591.25
ORD00786,CUST0498,2026-01-13,North,Chandigarh,Electronics,Laptops,5,252128.37,0.1,226915.53,2011.48,Yes,Active,2026-01,2026,56916.62
ORD00962,CUST0362,2026-01-13,North,Delhi,Furniture,Tables,4,41206.0,0.18,33788.92,812.7,No,Active,2026-01,2026,8879.6
ORD00667,CUST0140,2026-01-13,South,Bengaluru,Electronics,Laptops,5,319044.56,0.15,271187.88,1199.34,No,Active,2026-01,2026,65295.76
ORD00457,CUST0336,2026-01-13,South,Bengaluru,Furniture,Chairs,3,16747.7,0.14,14403.02,1329.05,Yes,Active,2026-01,2026,3464.93
ORD00875,CUST0332,2026-01-14,South,Hyderabad,Office Supplies,Writing,2,743.23,0.13,646.61,1039.55,Yes,Active,2026-01,2026,155.27
ORD00925,CUST0349,2026-01-14,North,Chandigarh,Office Supplies,Paper,3,1196.73,0.14,1029.19,1886.55,No,Active,2026-01,2026,218.73
ORD01086,CUST0464,2026-01-14,North,Jaipur,Electronics,Mobiles,3,76827.69,0.07,71449.75,1575.19,No,Active,2026-01,2026,13246.96
ORD01191,CUST0243,2026-01-15,West,Pune,Electronics,Laptops,1,64481.93,0.14,55454.46,2175.35,No,Active,2026-01,2026,13943.2
ORD00776,CUST0220,2026-01-15,North,Delhi,Office Supplies,Paper,3,1846.58,0.06,1735.79,955.73,Yes,Active,2026-01,2026,301.6
ORD00941,CUST0281,2026-01-15,East,Ranchi,Office Supplies,Paper,4,2194.92,0.08,2019.33,730.64,No,Active,2026-01,2026,439.65
ORD00640,CUST0190,2026-01-16,East,Kolkata,Electronics,Accessories,5,10319.08,0.06,9699.94,614.21,Yes,Active,2026-01,2026,1920.63
ORD00911,CUST0457,2026-01-16,West,Surat,Electronics,Laptops,3,142837.01,0.0,142837.01,857.95,No,Churned,2026-01,2026,24252.58
ORD00341,CUST0006,2026-01-17,West,Ahmedabad,Office Supplies,Writing,4,1097.16,0.0,1097.16,1552.54,No,Active,2026-01,2026,324.15
ORD00266,CUST0386,2026-01-17,South,Bengaluru,Electronics,Accessories,3,5585.09,0.07,5194.13,2220.23,No,Active,2026-01,2026,865.21
ORD00452,CUST0005,2026-01-17,South,Bengaluru,Electronics,Accessories,4,7649.93,0.03,7420.43,2049.63,Yes,Active,2026-01,2026,1303.57
ORD00488,CUST0120,2026-01-18,East,Kolkata,Furniture,Storage,1,4080.72,0.1,3672.65,954.89,No,Active,2026-01,2026,547.54
ORD00856,CUST0155,2026-01-18,North,Lucknow,Furniture,Chairs,3,17135.42,0.06,16107.29,1309.03,No,Active,2026-01,2026,4318.95
ORD00425,CUST0045,2026-01-20,East,Bhubaneswar,Electronics,Accessories,1,2056.58,0.1,1850.92,1928.04,No,Active,2026-01,2026,417.54
ORD00036,CUST0062,2026-01-21,North,Jaipur,Electronics,Accessories,2,3307.15,0.1,2976.44,1508.52,No,Active,2026-01,2026,685.61
ORD00603,CUST0373,2026-01-22,East,Patna,Electronics,Mobiles,2,62102.12,0.06,58375.99,883.2,No,Active,2026-01,2026,15627.31
ORD00213,CUST0338,2026-01-22,North,Delhi,Electronics,Mobiles,4,89103.88,0.2,71283.1,1542.65,No,Active,2026-01,2026,12953.96
ORD00321,CUST0403,2026-01-22,East,Bhubaneswar,Electronics,Mobiles,1,24550.58,0.01,24305.07,1779.12,Yes,Active,2026-01,2026,3763.74
ORD01026,CUST0074,2026-01-23,South,Chennai,Furniture,Tables,1,10281.45,0.03,9973.01,502.99,Yes,Churned,2026-01,2026,1552.93
ORD00689,CUST0318,2026-01-24,West,Ahmedabad,Office Supplies,Paper,2,1008.65,0.1,907.78,2114.64,Yes,Churned,2026-01,2026,228.64
ORD00042,CUST0340,2026-01-24,West,Surat,Office Supplies,Paper,2,1166.6,0.14,1003.28,862.92,No,Active,2026-01,2026,231.3
ORD00173,CUST0417,2026-01-24,West,Surat,Office Supplies,Writing,5,1437.59,0.08,1322.58,881.46,No,Active,2026-01,2026,207.83
ORD00885,CUST0239,2026-01-25,East,Kolkata,Furniture,Chairs,4,29251.99,0.16,24571.67,419.27,No,Active,2026-01,2026,3590.21
ORD00346,CUST0387,2026-01-25,West,Surat,Furniture,Chairs,5,35992.12,0.03,34912.36,1482.9,No,Churned,2026-01,2026,4947.91
ORD00376,CUST0247,2026-01-26,East,Patna,Electronics,Mobiles,4,103967.99,0.07,96690.23,1569.54,Yes,Churned,2026-01,2026,22529.19
ORD00416,CUST0020,2026-01-27,North,Lucknow,Furniture,Storage,2,12016.24,0.03,11655.75,666.88,No,Active,2026-01,2026,1398.94
ORD01122,CUST0389,2026-01-27,West,Pune,Office Supplies,Binders,4,2467.81,0.04,2369.1,612.71,No,Churned,2026-01,2026,292.1
ORD00701,CUST0223,2026-01-28,South,Kochi,Furniture,Tables,3,28166.44,0.09,25631.46,1737.01,No,Active,2026-01,2026,4873.04
ORD00965,CUST0347,2026-01-28,West,Pune,Furniture,Chairs,2,15887.36,0.17,13186.51,362.86,Yes,Active,2026-01,2026,3223.35
ORD00819,CUST0372,2026-01-28,East,Kolkata,Electronics,Laptops,5,245640.14,0.02,240727.34,1813.4,No,Churned,2026-01,2026,59003.98
ORD01033,CUST0411,2026-01-28,North,Chandigarh,Office Supplies,Paper,4,1516.66,0.1,1364.99,547.88,No,Active,2026-01,2026,269.48
ORD00620,CUST0009,2026-01-29,West,Ahmedabad,Electronics,Mobiles,1,28034.52,0.17,23268.65,527.73,No,Active,2026-01,2026,5686.7
ORD00384,CUST0492,2026-01-30,North,Jaipur,Furniture,Storage,3,11877.94,0.19,9621.13,1779.02,No,Active,2026-01,2026,2056.97
ORD00444,CUST0038,2026-01-31,East,Bhubaneswar,Furniture,Chairs,3,23119.7,0.18,18958.15,885.25,Yes,Active,2026-01,2026,5608.72
ORD01112,CUST0037,2026-02-01,North,Jaipur,Office Supplies,Paper,1,502.41,0.06,472.27,1354.94,Yes,Active,2026-02,2026,70.48
ORD00244,CUST0078,2026-02-02,North,Lucknow,Furniture,Storage,1,5468.24,0.02,5358.88,1588.33,Yes,Active,2026-02,2026,1222.47
ORD00024,CUST0253,2026-02-02,East,Patna,Office Supplies,Binders,1,734.51,0.14,631.68,972.54,No,Active,2026-02,2026,131.66
ORD00027,CUST0407,2026-02-02,South,Hyderabad,Electronics,Laptops,5,340591.86,0.1,306532.67,2014.86,No,Active,2026-02,2026,47513.77
ORD00636,CUST0030,2026-02-03,South,Bengaluru,Furniture,Storage,4,19112.04,0.18,15671.87,1982.22,Yes,Active,2026-02,2026,3996.3
ORD00982,CUST0178,2026-02-03,East,Kolkata,Electronics,Laptops,2,110295.09,0.19,89339.02,1373.83,Yes,Active,2026-02,2026,15151.13
ORD00020,CUST0336,2026-02-03,West,Ahmedabad,Electronics,Accessories,5,10946.45,0.03,10618.06,1758.13,No,Active,2026-02,2026,2003.71
ORD01153,CUST0059,2026-02-03,East,Patna,Furniture,Tables,1,12035.86,0.15,10230.48,2327.12,No,Active,2026-02,2026,1917.9
ORD00331,CUST0028,2026-02-04,North,Chandigarh,Electronics,Mobiles,2,50280.93,0.17,41733.17,1140.92,Yes,Active,2026-02,2026,6842.44
ORD00904,CUST0017,2026-02-04,West,Pune,Furniture,Tables,2,23283.84,0.0,23283.84,1190.69,No,Active,2026-02,2026,4599.19
ORD00662,CUST0441,2026-02-05,West,Pune,Furniture,Storage,1,5077.77,0.07,4722.33,2462.64,No,Churned,2026-02,2026,969.03
ORD01107,CUST0147,2026-02-06,North,Chandigarh,Electronics,Mobiles,5,147665.41,0.17,122562.29,1532.88,Yes,Active,2026-02,2026,31125.91
ORD00058,CUST0233,2026-02-06,North,Lucknow,Furniture,Chairs,2,10829.34,0.14,9313.23,1243.62,No,Churned,2026-02,2026,2400.13
ORD00757,CUST0373,2026-02-06,South,Bengaluru,Furniture,Tables,2,17187.58,0.14,14781.32,656.78,Yes,Active,2026-02,2026,2195.62
ORD00463,CUST0214,2026-02-07,South,Kochi,Office Supplies,Binders,5,3328.14,0.13,2895.48,1188.75,No,Churned,2026-02,2026,656.4
ORD00207,CUST0454,2026-02-07,East,Bhubaneswar,Office Supplies,Writing,1,291.56,0.13,253.66,1103.5,No,Churned,2026-02,2026,71.36
ORD00686,CUST0366,2026-02-08,South,Bengaluru,Furniture,Chairs,4,25627.01,0.07,23833.12,530.04,Yes,Active,2026-02,2026,3326.66
ORD00291,CUST0344,2026-02-08,North,Delhi,Electronics,Laptops,5,241249.32,0.04,231599.35,533.81,No,Active,2026-02,2026,47506.71
ORD00481,CUST0312,2026-02-09,East,Ranchi,Electronics,Mobiles,5,109964.12,0.01,108864.48,2326.56,Yes,Active,2026-02,2026,27767.36
ORD00019,CUST0139,2026-02-09,East,Kolkata,Furniture,Tables,5,49380.79,0.16,41479.86,1466.93,No,Active,2026-02,2026,9543.21
ORD00356,CUST0396,2026-02-09,West,Mumbai,Electronics,Accessories,4,6598.01,0.06,6202.13,2298.4,Yes,Active,2026-02,2026,856.55
ORD00490,CUST0425,2026-02-09,North,Jaipur,Office Supplies,Paper,5,2603.29,0.03,2525.19,1598.28,Yes,Active,2026-02,2026,483.29
ORD00985,CUST0017,2026-02-11,East,Kolkata,Furniture,Tables,3,34999.57,0.03,33949.58,1116.43,No,Active,2026-02,2026,7173.65
ORD00314,CUST0294,2026-02-12,West,Mumbai,Electronics,Mobiles,2,45600.7,0.12,40128.62,2287.34,No,Active,2026-02,2026,12008.58
ORD00196,CUST0028,2026-02-13,South,Bengaluru,Office Supplies,Paper,4,2024.9,0.19,1640.17,574.9,No,Active,2026-02,2026,249.55
ORD01054,CUST0139,2026-02-14,West,Pune,Office Supplies,Binders,5,3141.16,0.12,2764.22,2013.81,Yes,Churned,2026-02,2026,820.52
ORD00637,CUST0466,2026-02-14,North,Chandigarh,Electronics,Accessories,2,3894.05,0.14,3348.88,926.31,Yes,Active,2026-02,2026,628.61
ORD00968,CUST0103,2026-02-14,South,Hyderabad,Electronics,Mobiles,5,122677.13,0.13,106729.1,943.88,Yes,Active,2026-02,2026,16655.9
ORD00903,CUST0010,2026-02-16,South,Chennai,Electronics,Accessories,3,5111.81,0.07,4753.98,2395.88,No,Churned,2026-02,2026,924.84
ORD00162,CUST0001,2026-02-16,North,Chandigarh,Electronics,Accessories,4,7122.01,0.19,5768.83,2313.37,No,Active,2026-02,2026,1329.83
ORD00322,CUST0231,2026-02-16,North,Delhi,Office Supplies,Writing,3,1124.6,0.16,944.66,1468.64,No,Churned,2026-02,2026,149.66
ORD00432,CUST0091,2026-02-16,South,Hyderabad,Electronics,Laptops,5,298286.59,0.03,289337.99,1657.15,No,Active,2026-02,2026,49898.95
ORD00441,CUST0309,2026-02-16,North,Jaipur,Furniture,Tables,1,12004.59,0.16,10083.86,2492.98,No,Active,2026-02,2026,2761.15
ORD00571,CUST0500,2026-02-17,South,Hyderabad,Furniture,Chairs,2,15359.0,0.14,13208.74,590.48,No,Active,2026-02,2026,3960.27
ORD01014,CUST0228,2026-02-17,West,Ahmedabad,Office Supplies,Writing,3,1176.46,0.15,999.99,1625.52,No,Active,2026-02,2026,177.27
ORD00843,CUST0431,2026-02-17,North,Delhi,Furniture,Storage,3,12180.81,0.08,11206.35,377.38,No,Active,2026-02,2026,1645.03
ORD00410,CUST0466,2026-02-19,South,Hyderabad,Furniture,Tables,5,62292.83,0.02,61046.97,1061.44,No,Active,2026-02,2026,16041.36
ORD00894,CUST0207,2026-02-19,North,Chandigarh,Furniture,Tables,1,12605.65,0.06,11849.31,2353.32,No,Active,2026-02,2026,2702.61
ORD01114,CUST0326,2026-02-20,West,Mumbai,Office Supplies,Writing,4,1599.63,0.18,1311.7,502.37,No,Active,2026-02,2026,181.11
ORD01023,CUST0106,2026-02-20,South,Bengaluru,Electronics,Mobiles,1,33940.33,0.16,28509.88,2415.59,No,Churned,2026-02,2026,8279.81
ORD00547,CUST0432,2026-02-20,North,Jaipur,Electronics,Laptops,1,66490.62,0.07,61836.28,1557.58,Yes,Active,2026-02,2026,8289.09
ORD00147,CUST0475,2026-02-20,West,Ahmedabad,Electronics,Accessories,2,3494.07,0.03,3389.25,1706.45,Yes,Active,2026-02,2026,788.22
ORD00886,CUST0249,2026-02-20,North,Delhi,Furniture,Storage,2,9784.09,0.1,8805.68,1896.05,No,Active,2026-02,2026,1728.63
ORD00955,CUST0113,2026-02-22,West,Surat,Electronics,Mobiles,5,164147.96,0.04,157582.04,1559.9,No,Churned,2026-02,2026,34698.35
ORD00156,CUST0282,2026-02-23,South,Kochi,Office Supplies,Writing,1,265.05,0.08,243.85,1440.3,Yes,Active,2026-02,2026,38.62
ORD00295,CUST0270,2026-02-23,South,Bengaluru,Furniture,Tables,3,30204.26,0.18,24767.49,1423.5,No,Churned,2026-02,2026,6039.8
ORD00922,CUST0073,2026-02-24,West,Surat,Furniture,Chairs,4,22119.03,0.06,20791.89,1946.39,Yes,Active,2026-02,2026,6086.82
ORD00188,CUST0333,2026-02-24,West,Surat,Electronics,Laptops,3,205803.01,0.12,181106.65,903.71,Yes,Active,2026-02,2026,36677.11
ORD00942,CUST0489,2026-02-24,North,Chandigarh,Furniture,Tables,5,41540.16,0.15,35309.14,2118.83,Yes,Active,2026-02,2026,7560.83
ORD00184,CUST0267,2026-02-24,West,Surat,Electronics,Laptops,4,165806.76,0.12,145909.95,604.22,No,Active,2026-02,2026,23807.56
ORD00293,CUST0346,2026-02-24,North,Lucknow,Electronics,Accessories,1,1388.98,0.15,1180.63,1362.28,Yes,Active,2026-02,2026,331.21
ORD00898,CUST0381,2026-02-24,East,Bhubaneswar,Furniture,Tables,2,24409.83,0.2,19527.86,897.76,Yes,Active,2026-02,2026,5757.04
ORD00424,CUST0036,2026-02-25,West,Surat,Office Supplies,Paper,1,592.83,0.06,557.26,801.97,No,Active,2026-02,2026,145.74
ORD00366,CUST0015,2026-02-25,West,Ahmedabad,Furniture,Storage,5,20411.6,0.09,18574.56,2431.73,No,Active,2026-02,2026,4043.67
ORD00778,CUST0244,2026-02-25,East,Patna,Furniture,Tables,3,34951.8,0.03,33903.25,956.34,Yes,Active,2026-02,2026,9907.32
ORD00528,CUST0352,2026-02-27,South,Chennai,Office Supplies,Paper,1,590.52,0.19,478.32,1584.64,No,Active,2026-02,2026,70.64
ORD00816,CUST0216,2026-02-27,North,Jaipur,Furniture,Storage,2,11445.11,0.14,9842.79,1082.74,No,Active,2026-02,2026,2028.88
ORD00795,CUST0043,2026-02-27,North,Delhi,Office Supplies,Binders,5,3357.01,0.02,3289.87,476.2,Yes,Active,2026-02,2026,713.14
ORD00891,CUST0180,2026-02-27,West,Pune,Office Supplies,Writing,5,1643.24,0.02,1610.38,2088.93,No,Active,2026-02,2026,335.84
ORD00138,CUST0191,2026-02-28,North,Chandigarh,Furniture,Tables,4,33530.42,0.04,32189.2,641.02,Yes,Active,2026-02,2026,8511.96
ORD01076,CUST0169,2026-02-28,North,Delhi,Furniture,Storage,4,20131.9,0.09,18320.03,1008.97,Yes,Active,2026-02,2026,4409.13
ORD00862,CUST0321,2026-02-28,North,Chandigarh,Furniture,Storage,1,5762.79,0.13,5013.63,2413.57,No,Active,2026-02,2026,715.94
ORD01091,CUST0437,2026-02-28,East,Bhubaneswar,Furniture,Tables,1,12130.88,0.1,10917.79,672.67,Yes,Active,2026-02,2026,1990.98
ORD00660,CUST0499,2026-03-01,South,Chennai,Office Supplies,Binders,2,1493.28,0.07,1388.75,858.87,No,Active,2026-03,2026,251.41
ORD00351,CUST0194,2026-03-02,East,Kolkata,Office Supplies,Paper,4,1887.45,0.09,1717.58,623.43,Yes,Churned,2026-03,2026,380.98
ORD00887,CUST0263,2026-03-02,North,Chandigarh,Electronics,Laptops,2,129011.7,0.01,127721.58,478.33,No,Churned,2026-03,2026,22027.18
ORD00591,CUST0310,2026-03-02,North,Delhi,Electronics,Laptops,1,68131.15,0.0,68131.15,686.72,No,Active,2026-03,2026,9613.91
ORD00788,CUST0382,2026-03-03,East,Ranchi,Furniture,Tables,3,27033.08,0.08,24870.43,1575.49,Yes,Active,2026-03,2026,5910.78
ORD00287,CUST0320,2026-03-04,North,Lucknow,Electronics,Laptops,3,149738.37,0.1,134764.53,1478.45,No,Active,2026-03,2026,36815.87
ORD00330,CUST0441,2026-03-04,East,Ranchi,Furniture,Chairs,4,27451.4,0.15,23333.69,1743.59,Yes,Churned,2026-03,2026,6712.86
ORD00059,CUST0369,2026-03-05,West,Surat,Electronics,Laptops,2,85860.76,0.0,85860.76,1588.23,Yes,Active,2026-03,2026,25334.43
ORD00437,CUST0419,2026-03-06,East,Kolkata,Electronics,Accessories,1,1509.41,0.17,1252.81,1699.49,No,Active,2026-03,2026,326.48
ORD00720,CUST0384,2026-03-08,East,Kolkata,Furniture,Storage,4,20993.73,0.1,18894.36,2439.78,No,Active,2026-03,2026,2742.45
ORD00504,CUST0482,2026-03-08,East,Patna,Furniture,Storage,4,18967.55,0.19,15363.72,2429.03,Yes,Active,2026-03,2026,4202.9
ORD00685,CUST0311,2026-03-08,North,Delhi,Electronics,Mobiles,5,118521.2,0.13,103113.44,411.0,No,Active,2026-03,2026,19797.04
ORD00806,CUST0063,2026-03-10,East,Patna,Office Supplies,Binders,3,2158.27,0.18,1769.78,631.2,No,Churned,2026-03,2026,444.89
ORD00698,CUST0290,2026-03-10,South,Hyderabad,Electronics,Accessories,5,7141.82,0.19,5784.87,1714.11,No,Active,2026-03,2026,1247.38
ORD01184,CUST0138,2026-03-11,East,Bhubaneswar,Furniture,Storage,5,21093.81,0.1,18984.43,2351.81,Yes,Active,2026-03,2026,5109.64
ORD00339,CUST0255,2026-03-11,East,Bhubaneswar,Electronics,Accessories,3,5653.93,0.04,5427.77,1280.52,Yes,Active,2026-03,2026,1067.05
ORD00029,CUST0422,2026-03-12,East,Bhubaneswar,Office Supplies,Writing,2,572.49,0.1,515.24,2439.92,No,Churned,2026-03,2026,67.56
ORD00412,CUST0303,2026-03-13,East,Bhubaneswar,Furniture,Tables,5,59337.19,0.08,54590.21,522.81,No,Active,2026-03,2026,12022.31
ORD00446,CUST0500,2026-03-13,West,Ahmedabad,Office Supplies,Paper,2,1141.61,0.13,993.2,1412.7,No,Active,2026-03,2026,149.81
ORD00766,CUST0179,2026-03-14,West,Mumbai,Furniture,Storage,2,10482.17,0.0,10482.17,1740.5,No,Active,2026-03,2026,3079.59
ORD00503,CUST0074,2026-03-14,North,Lucknow,Electronics,Laptops,1,42986.07,0.1,38687.46,905.95,Yes,Active,2026-03,2026,8312.13
ORD00001,CUST0085,2026-03-15,West,Mumbai,Office Supplies,Writing,2,793.62,0.03,769.81,364.07,No,Active,2026-03,2026,169.08
ORD00834,CUST0273,2026-03-15,East,Bhubaneswar,Office Supplies,Writing,2,802.16,0.1,721.94,1846.58,No,Active,2026-03,2026,204.53
ORD00104,CUST0384,2026-03-15,East,Bhubaneswar,Furniture,Storage,5,26430.0,0.14,22729.8,969.95,No,Active,2026-03,2026,5282.98
ORD00439,CUST0202,2026-03-16,West,Mumbai,Office Supplies,Writing,5,1702.23,0.08,1566.05,2199.55,No,Active,2026-03,2026,273.26
ORD00461,CUST0157,2026-03-18,South,Hyderabad,Furniture,Tables,1,11971.55,0.14,10295.53,1301.27,Yes,Active,2026-03,2026,1784.18
ORD00900,CUST0494,2026-03-18,West,Ahmedabad,Electronics,Accessories,3,6598.2,0.06,6202.31,1627.89,No,Churned,2026-03,2026,1304.25
ORD00394,CUST0224,2026-03-18,East,Ranchi,Electronics,Mobiles,2,53989.15,0.02,52909.37,2180.16,Yes,Active,2026-03,2026,14602.43
ORD01152,CUST0084,2026-03-19,North,Delhi,Office Supplies,Paper,5,2542.67,0.05,2415.54,330.21,No,Active,2026-03,2026,635.41
ORD00594,CUST0407,2026-03-20,East,Patna,Furniture,Storage,2,10185.21,0.07,9472.25,2311.96,No,Active,2026-03,2026,2778.15
ORD00133,CUST0139,2026-03-21,North,Lucknow,Electronics,Laptops,5,208024.74,0.1,187222.27,2187.08,Yes,Churned,2026-03,2026,24889.24
ORD00589,CUST0324,2026-03-21,East,Kolkata,Electronics,Mobiles,4,104343.28,0.05,99126.12,1351.6,No,Active,2026-03,2026,16682.8
ORD00656,CUST0444,2026-03-22,North,Chandigarh,Electronics,Accessories,1,1779.97,0.07,1655.37,2133.06,No,Churned,2026-03,2026,222.54
ORD00421,CUST0324,2026-03-22,South,Chennai,Furniture,Tables,3,32763.17,0.15,27848.69,2285.59,No,Active,2026-03,2026,7106.83
ORD00844,CUST0256,2026-03-22,West,Ahmedabad,Electronics,Mobiles,1,22699.81,0.13,19748.83,2306.01,No,Churned,2026-03,2026,2870.49
ORD00083,CUST0281,2026-03-22,North,Delhi,Furniture,Storage,3,12469.03,0.09,11346.82,395.55,No,Churned,2026-03,2026,1565.63
ORD00787,CUST0393,2026-03-22,West,Pune,Office Supplies,Paper,1,471.92,0.02,462.48,2150.95,Yes,Active,2026-03,2026,102.25
ORD00683,CUST0339,2026-03-24,West,Mumbai,Furniture,Storage,3,16944.83,0.02,16605.93,2483.71,Yes,Active,2026-03,2026,3222.67
ORD00344,CUST0271,2026-03-25,South,Chennai,Electronics,Accessories,2,4001.53,0.09,3641.39,972.43,No,Active,2026-03,2026,905.68
ORD00607,CUST0311,2026-03-25,West,Surat,Furniture,Storage,1,5652.21,0.04,5426.12,482.02,No,Active,2026-03,2026,1126.8
ORD00465,CUST0376,2026-03-25,East,Patna,Office Supplies,Binders,5,3163.78,0.11,2815.76,333.38,No,Active,2026-03,2026,553.47
ORD00283,CUST0297,2026-03-26,South,Bengaluru,Furniture,Storage,1,4624.64,0.15,3930.94,1849.19,No,Churned,2026-03,2026,772.78
ORD00992,CUST0359,2026-03-26,East,Kolkata,Office Supplies,Writing,5,1399.33,0.05,1329.36,2114.18,Yes,Active,2026-03,2026,368.15
ORD00175,CUST0328,2026-03-26,East,Patna,Electronics,Mobiles,1,24418.26,0.0,24418.26,1424.95,Yes,Active,2026-03,2026,4667.32
ORD01139,CUST0095,2026-03-26,East,Ranchi,Electronics,Laptops,3,182562.8,0.19,147875.87,2224.13,Yes,Active,2026-03,2026,26619.35
ORD00308,CUST0131,2026-03-27,South,Bengaluru,Furniture,Storage,2,9577.57,0.09,8715.59,1978.27,No,Active,2026-03,2026,1576.97
ORD00675,CUST0314,2026-03-28,East,Bhubaneswar,Office Supplies,Paper,5,2177.3,0.02,2133.75,577.54,Yes,Active,2026-03,2026,331.56
ORD00286,CUST0164,2026-03-28,West,Ahmedabad,Electronics,Laptops,5,233586.93,0.01,231251.06,465.27,No,Active,2026-03,2026,63576.46
ORD00013,CUST0362,2026-03-28,West,Pune,Electronics,Mobiles,2,60253.22,0.03,58445.62,2020.25,No,Active,2026-03,2026,8556.06
ORD01175,CUST0261,2026-03-28,North,Chandigarh,Furniture,Tables,2,26352.99,0.11,23454.16,1333.95,No,Active,2026-03,2026,6650.43
ORD00383,CUST0072,2026-03-29,East,Kolkata,Furniture,Tables,5,63353.27,0.18,51949.68,591.43,Yes,Active,2026-03,2026,8884.65
ORD00483,CUST0350,2026-03-30,North,Delhi,Furniture,Chairs,3,23034.34,0.01,22804.0,1556.4,No,Active,2026-03,2026,6428.38
ORD00511,CUST0493,2026-03-31,North,Delhi,Electronics,Accessories,5,10429.31,0.04,10012.14,1761.02,No,Active,2026-03,2026,2626.66
ORD01027,CUST0010,2026-03-31,South,Hyderabad,Electronics,Accessories,4,7789.47,0.07,7244.21,1904.94,No,Active,2026-03,2026,1628.19
ORD00979,CUST0004,2026-03-31,East,Patna,Furniture,Tables,1,10351.73,0.11,9213.04,1206.61,No,Active,2026-03,2026,2215.78
ORD01102,CUST0361,2026-03-31,South,Chennai,Furniture,Tables,2,26794.09,0.03,25990.27,2274.64,No,Active,2026-03,2026,4643.21
ORD00645,CUST0038,2026-04-01,East,Bhubaneswar,Office Supplies,Paper,3,1320.69,0.01,1307.48,2015.02,No,Active,2026-04,2026,292.04
ORD00598,CUST0216,2026-04-01,West,Pune,Electronics,Laptops,4,274316.24,0.16,230425.64,2081.49,Yes,Active,2026-04,2026,39778.96
ORD00593,CUST0489,2026-04-01,North,Lucknow,Furniture,Storage,4,22374.1,0.12,19689.21,860.49,No,Active,2026-04,2026,3788.38
ORD00630,CUST0027,2026-04-03,West,Mumbai,Electronics,Laptops,2,115072.18,0.02,112770.74,2188.63,Yes,Active,2026-04,2026,29054.17
ORD00151,CUST0442,2026-04-04,West,Surat,Office Supplies,Paper,4,1568.11,0.12,1379.94,1254.55,No,Active,2026-04,2026,226.18
ORD01181,CUST0160,2026-04-04,South,Bengaluru,Office Supplies,Writing,3,1205.74,0.01,1193.68,1687.23,No,Active,2026-04,2026,323.48
ORD00043,CUST0161,2026-04-04,South,Hyderabad,Office Supplies,Paper,4,1803.02,0.16,1514.54,1195.57,No,Active,2026-04,2026,284.22
ORD00913,CUST0176,2026-04-05,North,Chandigarh,Electronics,Mobiles,4,139622.85,0.12,122868.11,1535.25,Yes,Active,2026-04,2026,26513.78
ORD00606,CUST0184,2026-04-07,West,Ahmedabad,Office Supplies,Writing,2,532.27,0.17,441.78,2224.97,No,Active,2026-04,2026,127.92
ORD01169,CUST0122,2026-04-08,West,Mumbai,Electronics,Mobiles,3,66803.5,0.04,64131.36,2461.67,No,Active,2026-04,2026,15559.94
ORD00393,CUST0152,2026-04-08,East,Ranchi,Electronics,Laptops,2,135586.53,0.16,113892.69,1111.77,No,Active,2026-04,2026,26902.45
ORD01128,CUST0176,2026-04-08,South,Hyderabad,Electronics,Laptops,5,287048.71,0.14,246861.89,1547.47,No,Active,2026-04,2026,61243.82
ORD00932,CUST0092,2026-04-09,East,Kolkata,Electronics,Accessories,2,3271.3,0.14,2813.32,2161.12,Yes,Active,2026-04,2026,802.53
ORD00908,CUST0112,2026-04-09,West,Ahmedabad,Office Supplies,Writing,2,647.57,0.03,628.14,2043.26,No,Churned,2026-04,2026,103.48
ORD00731,CUST0484,2026-04-10,West,Surat,Furniture,Storage,1,4291.45,0.15,3647.73,1755.5,No,Active,2026-04,2026,840.38
ORD00272,CUST0050,2026-04-10,East,Bhubaneswar,Office Supplies,Paper,1,557.54,0.16,468.33,974.08,No,Churned,2026-04,2026,89.95
ORD00110,CUST0245,2026-04-11,West,Surat,Office Supplies,Writing,3,952.88,0.02,933.82,2056.67,Yes,Churned,2026-04,2026,114.05
ORD00901,CUST0346,2026-04-11,North,Lucknow,Office Supplies,Paper,3,1313.17,0.13,1142.46,1407.96,Yes,Active,2026-04,2026,162.86
ORD01012,CUST0206,2026-04-11,North,Lucknow,Office Supplies,Binders,1,749.13,0.08,689.2,2237.94,No,Active,2026-04,2026,123.02
ORD00984,CUST0257,2026-04-11,North,Chandigarh,Electronics,Laptops,4,234801.21,0.02,230105.19,1915.4,No,Active,2026-04,2026,51014.32
ORD01050,CUST0435,2026-04-12,North,Delhi,Electronics,Mobiles,4,114024.7,0.2,91219.76,1708.43,Yes,Active,2026-04,2026,25419.8
ORD00168,CUST0337,2026-04-12,West,Pune,Office Supplies,Paper,5,2921.55,0.12,2570.96,2439.55,No,Active,2026-04,2026,674.62
ORD00183,CUST0087,2026-04-12,South,Hyderabad,Office Supplies,Paper,2,987.22,0.15,839.14,1593.92,Yes,Active,2026-04,2026,184.28
ORD00613,CUST0073,2026-04-13,East,Patna,Electronics,Laptops,4,246166.85,0.05,233858.51,1224.73,Yes,Active,2026-04,2026,31172.56
ORD00796,CUST0381,2026-04-13,West,Mumbai,Furniture,Chairs,4,23522.37,0.04,22581.48,702.97,No,Active,2026-04,2026,3871.89
ORD00134,CUST0326,2026-04-13,North,Jaipur,Office Supplies,Binders,3,1813.03,0.06,1704.25,1343.02,Yes,Active,2026-04,2026,317.0
ORD00248,CUST0122,2026-04-13,North,Jaipur,Office Supplies,Binders,4,2983.0,0.06,2804.02,1431.8,Yes,Active,2026-04,2026,650.28
ORD01007,CUST0345,2026-04-14,East,Patna,Electronics,Accessories,4,5569.17,0.12,4900.87,987.6,Yes,Churned,2026-04,2026,645.38
ORD00181,CUST0206,2026-04-15,North,Chandigarh,Electronics,Laptops,5,243460.25,0.05,231287.24,333.05,No,Active,2026-04,2026,49827.33
ORD00781,CUST0058,2026-04-16,North,Delhi,Electronics,Laptops,4,221206.78,0.18,181389.56,1098.09,No,Active,2026-04,2026,51199.67
ORD01077,CUST0149,2026-04-16,South,Kochi,Office Supplies,Paper,2,1107.69,0.16,930.46,2443.47,Yes,Active,2026-04,2026,229.8
ORD01162,CUST0325,2026-04-16,North,Chandigarh,Furniture,Tables,4,35842.92,0.0,35842.92,1625.87,Yes,Active,2026-04,2026,9443.67
ORD00975,CUST0311,2026-04-16,East,Kolkata,Electronics,Accessories,3,6314.24,0.12,5556.53,2393.07,No,Active,2026-04,2026,1348.58
ORD00077,CUST0428,2026-04-17,East,Kolkata,Electronics,Laptops,2,92428.5,0.13,80412.8,391.62,No,Active,2026-04,2026,12639.77
ORD00923,CUST0027,2026-04-18,North,Lucknow,Office Supplies,Paper,4,1765.21,0.02,1729.91,2024.64,No,Churned,2026-04,2026,241.99
ORD00626,CUST0028,2026-04-18,South,Chennai,Furniture,Chairs,1,7729.85,0.0,7729.85,1265.11,No,Active,2026-04,2026,2081.71
ORD00741,CUST0198,2026-04-20,West,Ahmedabad,Electronics,Mobiles,1,28749.82,0.14,24724.85,2328.37,Yes,Active,2026-04,2026,6062.31
ORD01096,CUST0085,2026-04-20,South,Kochi,Electronics,Accessories,4,8157.13,0.14,7015.13,611.35,Yes,Active,2026-04,2026,1567.96
ORD01001,CUST0487,2026-04-20,South,Chennai,Office Supplies,Binders,5,3168.04,0.17,2629.47,1123.47,No,Active,2026-04,2026,405.12
ORD00596,CUST0060,2026-04-20,East,Bhubaneswar,Electronics,Laptops,3,151744.13,0.18,124430.19,1966.34,No,Active,2026-04,2026,28445.0
ORD01168,CUST0321,2026-04-20,South,Chennai,Furniture,Tables,4,39499.28,0.14,33969.38,2206.72,No,Active,2026-04,2026,4267.84
ORD00054,CUST0342,2026-04-21,East,Bhubaneswar,Electronics,Accessories,2,3322.12,0.02,3255.68,1248.07,Yes,Churned,2026-04,2026,460.32
ORD00915,CUST0248,2026-04-21,East,Kolkata,Furniture,Chairs,5,33550.4,0.18,27511.33,793.61,No,Active,2026-04,2026,4845.85
ORD01178,CUST0474,2026-04-21,East,Ranchi,Office Supplies,Paper,5,1915.49,0.13,1666.48,2332.23,Yes,Active,2026-04,2026,333.08
ORD00996,CUST0433,2026-04-21,North,Chandigarh,Furniture,Tables,4,46804.29,0.15,39783.65,405.25,No,Churned,2026-04,2026,5637.41
ORD00261,CUST0316,2026-04-22,North,Delhi,Electronics,Accessories,3,6453.37,0.15,5485.36,1918.05,Yes,Active,2026-04,2026,776.67
ORD00697,CUST0430,2026-04-22,West,Pune,Furniture,Storage,2,9301.97,0.14,7999.69,441.36,No,Active,2026-04,2026,2005.21
ORD01120,CUST0240,2026-04-23,South,Hyderabad,Furniture,Chairs,3,19961.22,0.13,17366.26,618.08,Yes,Active,2026-04,2026,3864.85
ORD00176,CUST0325,2026-04-23,South,Chennai,Office Supplies,Writing,3,1101.45,0.02,1079.42,2074.71,Yes,Active,2026-04,2026,233.23
ORD01123,CUST0293,2026-04-24,West,Pune,Furniture,Storage,5,24653.11,0.11,21941.27,1707.51,No,Churned,2026-04,2026,4419.81
ORD00358,CUST0145,2026-04-24,East,Patna,Furniture,Chairs,2,14345.6,0.17,11906.85,1329.91,Yes,Active,2026-04,2026,3521.78
ORD00368,CUST0368,2026-04-25,South,Kochi,Electronics,Laptops,3,150128.81,0.19,121604.34,2215.48,No,Active,2026-04,2026,15682.59
ORD00177,CUST0262,2026-04-25,West,Surat,Furniture,Tables,5,51840.32,0.14,44582.68,409.7,Yes,Active,2026-04,2026,6799.43
ORD00267,CUST0339,2026-04-26,East,Bhubaneswar,Office Supplies,Paper,3,1169.38,0.12,1029.05,2092.04,No,Active,2026-04,2026,243.42
ORD01156,CUST0406,2026-04-27,North,Lucknow,Electronics,Accessories,5,10652.3,0.1,9587.07,2093.78,Yes,Active,2026-04,2026,1385.77
ORD00071,CUST0175,2026-04-28,South,Bengaluru,Furniture,Storage,1,4742.37,0.02,4647.52,2351.81,No,Active,2026-04,2026,1050.75
ORD00319,CUST0414,2026-04-28,West,Surat,Electronics,Laptops,4,204781.18,0.1,184303.06,1135.12,No,Active,2026-04,2026,40951.59
ORD00002,CUST0155,2026-04-28,East,Bhubaneswar,Electronics,Accessories,2,3253.55,0.05,3090.87,1992.04,No,Active,2026-04,2026,911.13
ORD00471,CUST0292,2026-04-28,North,Chandigarh,Electronics,Laptops,1,52311.15,0.05,49695.59,1153.82,No,Active,2026-04,2026,13865.55
ORD01170,CUST0318,2026-04-28,West,Pune,Office Supplies,Paper,1,542.0,0.16,455.28,1461.23,No,Active,2026-04,2026,132.12
ORD01083,CUST0458,2026-04-29,North,Jaipur,Furniture,Chairs,4,30167.08,0.15,25642.02,887.18,Yes,Active,2026-04,2026,3601.38
ORD00411,CUST0040,2026-04-29,West,Mumbai,Office Supplies,Paper,4,1643.16,0.08,1511.71,2138.95,No,Active,2026-04,2026,417.64
ORD00879,CUST0315,2026-04-29,North,Lucknow,Office Supplies,Paper,2,918.63,0.19,744.09,1837.43,Yes,Active,2026-04,2026,106.58
ORD00200,CUST0263,2026-04-29,West,Mumbai,Office Supplies,Writing,2,684.0,0.13,595.08,860.26,No,Active,2026-04,2026,139.21
ORD00627,CUST0296,2026-04-29,North,Chandigarh,Electronics,Mobiles,4,137340.94,0.19,111246.16,1489.67,No,Churned,2026-04,2026,27768.61
ORD00333,CUST0100,2026-04-30,East,Bhubaneswar,Office Supplies,Writing,5,1598.99,0.02,1567.01,1888.36,Yes,Churned,2026-04,2026,233.41
ORD00098,CUST0468,2026-05-01,East,Kolkata,Electronics,Laptops,1,45329.91,0.0,45329.91,924.53,No,Churned,2026-05,2026,10601.7
ORD00218,CUST0346,2026-05-02,North,Lucknow,Electronics,Mobiles,4,102544.2,0.11,91264.34,2076.58,No,Active,2026-05,2026,11813.52
ORD01005,CUST0370,2026-05-02,North,Delhi,Office Supplies,Writing,2,859.09,0.11,764.59,687.29,No,Active,2026-05,2026,132.11
ORD01022,CUST0193,2026-05-02,North,Lucknow,Furniture,Tables,1,9854.31,0.15,8376.16,2337.82,Yes,Active,2026-05,2026,2393.98
ORD00300,CUST0193,2026-05-03,East,Patna,Office Supplies,Binders,3,1712.03,0.18,1403.86,545.6,No,Active,2026-05,2026,211.86
ORD00794,CUST0098,2026-05-05,East,Kolkata,Electronics,Mobiles,2,65955.43,0.02,64636.32,1887.96,Yes,Active,2026-05,2026,8515.74
ORD00206,CUST0286,2026-05-05,North,Jaipur,Furniture,Storage,1,5451.4,0.07,5069.8,1681.3,No,Active,2026-05,2026,1013.26
ORD01177,CUST0406,2026-05-06,West,Ahmedabad,Electronics,Accessories,4,6262.72,0.03,6074.84,956.81,No,Active,2026-05,2026,1659.11
ORD00976,CUST0412,2026-05-06,South,Hyderabad,Office Supplies,Writing,4,1616.0,0.04,1551.36,1669.1,No,Active,2026-05,2026,207.57
ORD00497,CUST0435,2026-05-07,West,Mumbai,Electronics,Accessories,4,6017.75,0.12,5295.62,1295.09,Yes,Active,2026-05,2026,974.37
ORD00833,CUST0263,2026-05-07,West,Ahmedabad,Furniture,Chairs,2,10408.97,0.07,9680.34,2253.32,No,Active,2026-05,2026,2729.46
ORD00072,CUST0123,2026-05-08,South,Bengaluru,Office Supplies,Writing,5,1710.96,0.15,1454.32,1168.01,No,Churned,2026-05,2026,205.45
ORD00632,CUST0196,2026-05-08,East,Kolkata,Furniture,Storage,2,8471.37,0.02,8301.94,1552.85,Yes,Active,2026-05,2026,1460.48
ORD00400,CUST0443,2026-05-09,North,Delhi,Office Supplies,Paper,1,453.32,0.13,394.39,1189.88,No,Active,2026-05,2026,102.59
ORD01047,CUST0370,2026-05-09,West,Mumbai,Electronics,Laptops,2,129625.94,0.13,112774.57,1082.7,Yes,Active,2026-05,2026,24559.82
ORD00855,CUST0182,2026-05-10,West,Ahmedabad,Office Supplies,Writing,5,2024.0,0.18,1659.68,2263.74,No,Churned,2026-05,2026,447.81
ORD00804,CUST0413,2026-05-10,North,Jaipur,Electronics,Laptops,2,100420.35,0.12,88369.91,963.06,Yes,Active,2026-05,2026,12379.49
ORD00783,CUST0328,2026-05-11,East,Ranchi,Furniture,Chairs,2,10099.58,0.07,9392.61,1803.56,Yes,Active,2026-05,2026,2683.47
ORD00265,CUST0286,2026-05-11,West,Ahmedabad,Office Supplies,Paper,5,2648.26,0.07,2462.88,797.53,Yes,Active,2026-05,2026,710.01
ORD00761,CUST0495,2026-05-12,East,Bhubaneswar,Electronics,Accessories,2,3814.57,0.15,3242.38,687.38,No,Active,2026-05,2026,479.73
ORD00541,CUST0346,2026-05-13,West,Surat,Office Supplies,Paper,4,1742.17,0.16,1463.42,734.39,Yes,Active,2026-05,2026,184.53
ORD00022,CUST0239,2026-05-13,North,Chandigarh,Electronics,Accessories,4,6378.43,0.01,6314.65,1229.95,No,Active,2026-05,2026,1882.85
ORD00278,CUST0158,2026-05-13,South,Kochi,Office Supplies,Paper,5,2253.54,0.09,2050.72,1022.93,No,Active,2026-05,2026,424.1
ORD00073,CUST0227,2026-05-14,North,Lucknow,Office Supplies,Binders,5,3351.18,0.0,3351.18,2043.92,Yes,Active,2026-05,2026,747.22
ORD00057,CUST0002,2026-05-14,East,Bhubaneswar,Electronics,Mobiles,5,110370.6,0.15,93815.01,1199.24,No,Active,2026-05,2026,21658.4
ORD00373,CUST0188,2026-05-14,South,Bengaluru,Office Supplies,Paper,1,381.15,0.05,362.09,1211.52,No,Active,2026-05,2026,94.92
ORD00221,CUST0082,2026-05-15,West,Mumbai,Electronics,Accessories,4,7750.7,0.07,7208.15,1478.04,No,Active,2026-05,2026,1918.51
ORD00310,CUST0102,2026-05-15,South,Kochi,Office Supplies,Paper,1,435.64,0.18,357.22,1083.78,No,Active,2026-05,2026,55.34
ORD00933,CUST0339,2026-05-16,North,Chandigarh,Furniture,Tables,4,37847.02,0.17,31413.03,1240.51,No,Active,2026-05,2026,5107.59
ORD01166,CUST0245,2026-05-17,South,Hyderabad,Electronics,Mobiles,2,49606.6,0.12,43653.81,1569.78,No,Active,2026-05,2026,12128.34
ORD00282,CUST0094,2026-05-18,East,Kolkata,Electronics,Accessories,3,6584.39,0.16,5530.89,1368.39,No,Active,2026-05,2026,1479.59
ORD00398,CUST0185,2026-05-18,South,Chennai,Electronics,Laptops,3,135896.23,0.02,133178.31,651.19,Yes,Active,2026-05,2026,30787.03
ORD00789,CUST0193,2026-05-19,East,Patna,Furniture,Storage,2,11190.84,0.05,10631.3,1661.66,No,Active,2026-05,2026,3179.25
ORD00914,CUST0202,2026-05-20,South,Chennai,Office Supplies,Binders,4,3315.98,0.17,2752.26,709.05,No,Active,2026-05,2026,694.49
ORD00577,CUST0254,2026-05-21,North,Chandigarh,Furniture,Chairs,5,26355.54,0.19,21347.99,2077.03,No,Active,2026-05,2026,3391.14
ORD00994,CUST0162,2026-05-21,East,Kolkata,Furniture,Storage,1,5321.26,0.09,4842.35,1277.57,No,Active,2026-05,2026,1319.04
ORD00745,CUST0428,2026-05-21,West,Mumbai,Office Supplies,Writing,1,389.39,0.09,354.34,1419.98,No,Active,2026-05,2026,68.97
ORD00084,CUST0283,2026-05-21,East,Kolkata,Electronics,Accessories,1,1958.06,0.03,1899.32,874.26,No,Active,2026-05,2026,240.28
ORD00493,CUST0342,2026-05-22,North,Jaipur,Electronics,Laptops,1,47341.72,0.18,38820.21,383.55,No,Active,2026-05,2026,6904.4
ORD01160,CUST0061,2026-05-22,East,Kolkata,Electronics,Accessories,1,1437.28,0.06,1351.04,1773.3,Yes,Active,2026-05,2026,347.81
ORD00155,CUST0028,2026-05-22,North,Chandigarh,Furniture,Storage,4,19453.87,0.03,18870.25,551.2,Yes,Active,2026-05,2026,5525.91
ORD01043,CUST0354,2026-05-23,West,Mumbai,Furniture,Tables,3,33131.15,0.17,27498.85,1525.41,No,Churned,2026-05,2026,4666.68
ORD00983,CUST0387,2026-05-23,East,Patna,Electronics,Laptops,5,261666.81,0.01,259050.14,1686.99,No,Active,2026-05,2026,42580.83
ORD00730,CUST0136,2026-05-23,East,Patna,Electronics,Mobiles,5,139943.93,0.12,123150.66,1934.23,No,Active,2026-05,2026,27271.84
ORD00859,CUST0420,2026-05-24,South,Bengaluru,Furniture,Chairs,1,6521.73,0.08,5999.99,506.78,No,Churned,2026-05,2026,1596.62
ORD00404,CUST0351,2026-05-24,North,Delhi,Electronics,Mobiles,4,113310.8,0.15,96314.18,819.95,No,Active,2026-05,2026,24499.88
ORD00912,CUST0071,2026-05-24,North,Delhi,Electronics,Mobiles,2,53318.77,0.07,49586.46,2244.21,No,Active,2026-05,2026,10948.32
ORD00944,CUST0397,2026-05-24,North,Delhi,Electronics,Accessories,5,10579.28,0.13,9203.97,943.31,Yes,Active,2026-05,2026,2150.51
ORD00066,CUST0180,2026-05-26,South,Hyderabad,Electronics,Mobiles,1,34801.27,0.06,32713.19,2078.39,Yes,Active,2026-05,2026,5351.15
ORD00109,CUST0280,2026-05-26,South,Chennai,Electronics,Laptops,5,233856.01,0.19,189423.37,2172.77,Yes,Active,2026-05,2026,37479.95
ORD00629,CUST0134,2026-05-26,West,Pune,Office Supplies,Paper,1,486.36,0.15,413.41,861.4,No,Active,2026-05,2026,68.61
ORD00055,CUST0373,2026-05-26,West,Mumbai,Furniture,Storage,2,11578.85,0.14,9957.81,735.61,No,Active,2026-05,2026,2780.17
ORD00476,CUST0230,2026-05-27,East,Kolkata,Electronics,Mobiles,3,75778.16,0.09,68958.13,342.78,No,Active,2026-05,2026,9672.05
ORD00246,CUST0433,2026-05-27,South,Chennai,Electronics,Laptops,3,183995.08,0.2,147196.06,1882.24,No,Active,2026-05,2026,35673.45
ORD00091,CUST0107,2026-05-27,East,Kolkata,Electronics,Accessories,2,2877.47,0.02,2819.92,954.27,No,Active,2026-05,2026,470.51
ORD00224,CUST0213,2026-05-27,East,Patna,Electronics,Laptops,5,342174.25,0.07,318222.05,2080.74,Yes,Active,2026-05,2026,65427.71
ORD00251,CUST0090,2026-05-27,South,Kochi,Furniture,Chairs,3,14787.59,0.09,13456.71,981.7,Yes,Active,2026-05,2026,2340.05
ORD00435,CUST0359,2026-05-28,East,Kolkata,Office Supplies,Binders,3,1896.35,0.01,1877.39,2079.34,Yes,Churned,2026-05,2026,334.52
ORD00537,CUST0185,2026-05-29,East,Kolkata,Furniture,Tables,1,12225.32,0.08,11247.29,1459.72,Yes,Active,2026-05,2026,1876.84
ORD00119,CUST0414,2026-05-29,East,Bhubaneswar,Electronics,Laptops,4,200825.33,0.12,176726.29,327.67,No,Active,2026-05,2026,45154.05
ORD00021,CUST0231,2026-05-30,South,Chennai,Office Supplies,Writing,5,1770.31,0.15,1504.76,1598.38,No,Active,2026-05,2026,279.63
ORD01176,CUST0113,2026-05-31,West,Surat,Electronics,Accessories,5,6880.25,0.09,6261.03,2187.42,No,Active,2026-05,2026,1569.92
ORD00867,CUST0441,2026-05-31,North,Jaipur,Electronics,Accessories,1,1609.09,0.04,1544.73,388.27,No,Active,2026-05,2026,312.18
ORD00006,CUST0306,2026-05-31,East,Bhubaneswar,Office Supplies,Writing,5,1510.28,0.12,1329.05,2377.82,No,Active,2026-05,2026,290.4
ORD01052,CUST0384,2026-06-01,North,Lucknow,Office Supplies,Binders,4,2720.99,0.09,2476.1,1363.75,No,Active,2026-06,2026,539.27
ORD00829,CUST0472,2026-06-02,West,Pune,Electronics,Accessories,4,6094.33,0.01,6033.39,1519.46,No,Churned,2026-06,2026,1783.79
ORD00315,CUST0422,2026-06-02,West,Surat,Electronics,Laptops,3,171092.67,0.04,164248.96,453.32,Yes,Active,2026-06,2026,30562.01
ORD00318,CUST0478,2026-06-02,North,Lucknow,Office Supplies,Binders,5,3875.22,0.04,3720.21,1726.6,No,Churned,2026-06,2026,585.5
ORD01108,CUST0380,2026-06-03,South,Kochi,Furniture,Tables,4,45505.5,0.01,45050.44,1828.62,No,Active,2026-06,2026,12799.85
ORD00143,CUST0396,2026-06-03,East,Patna,Office Supplies,Writing,2,788.25,0.13,685.78,1272.2,No,Active,2026-06,2026,103.88
ORD00518,CUST0073,2026-06-03,South,Hyderabad,Furniture,Chairs,2,15800.36,0.03,15326.35,648.6,No,Active,2026-06,2026,4141.12
ORD00495,CUST0012,2026-06-04,North,Delhi,Electronics,Mobiles,5,122894.74,0.12,108147.37,1360.37,No,Active,2026-06,2026,15901.85
ORD00792,CUST0463,2026-06-04,East,Patna,Electronics,Accessories,4,7172.5,0.02,7029.05,353.25,No,Active,2026-06,2026,1676.92
ORD00137,CUST0236,2026-06-04,North,Lucknow,Electronics,Laptops,3,174106.14,0.2,139284.91,1216.6,No,Active,2026-06,2026,20488.44
ORD00548,CUST0500,2026-06-04,East,Kolkata,Electronics,Accessories,4,5788.9,0.02,5673.12,402.09,Yes,Active,2026-06,2026,1623.39
ORD01161,CUST0064,2026-06-05,East,Ranchi,Electronics,Accessories,4,5600.54,0.11,4984.48,2415.04,No,Active,2026-06,2026,1105.07
ORD00150,CUST0453,2026-06-05,East,Kolkata,Electronics,Accessories,4,7212.77,0.06,6780.0,2240.85,No,Active,2026-06,2026,1215.45
ORD00718,CUST0079,2026-06-06,East,Bhubaneswar,Furniture,Chairs,5,36219.13,0.03,35132.56,311.88,Yes,Active,2026-06,2026,5103.29
ORD00210,CUST0317,2026-06-06,North,Chandigarh,Office Supplies,Paper,5,2785.98,0.03,2702.4,2099.83,Yes,Active,2026-06,2026,504.85
ORD00672,CUST0468,2026-06-06,South,Chennai,Electronics,Mobiles,2,65094.59,0.11,57934.19,1285.5,No,Active,2026-06,2026,14304.16
ORD00114,CUST0316,2026-06-06,South,Chennai,Office Supplies,Binders,2,1264.88,0.11,1125.74,1046.32,No,Active,2026-06,2026,213.09
ORD00068,CUST0293,2026-06-06,North,Jaipur,Furniture,Chairs,5,34352.17,0.07,31947.52,2051.12,No,Active,2026-06,2026,5248.88
ORD01003,CUST0489,2026-06-07,North,Lucknow,Furniture,Tables,3,28747.24,0.18,23572.74,1916.67,Yes,Active,2026-06,2026,5278.73
ORD01071,CUST0198,2026-06-07,North,Delhi,Electronics,Mobiles,2,56077.01,0.07,52151.62,1898.29,Yes,Churned,2026-06,2026,10180.41
ORD00106,CUST0498,2026-06-09,South,Hyderabad,Office Supplies,Paper,3,1364.34,0.01,1350.7,308.61,No,Active,2026-06,2026,202.4
ORD01058,CUST0165,2026-06-09,West,Pune,Furniture,Chairs,1,7681.83,0.1,6913.65,2086.2,No,Active,2026-06,2026,1021.27
ORD00041,CUST0229,2026-06-10,West,Mumbai,Office Supplies,Binders,1,866.31,0.08,797.01,1641.32,No,Active,2026-06,2026,197.13
ORD00847,CUST0016,2026-06-10,South,Bengaluru,Electronics,Mobiles,1,25597.4,0.15,21757.79,1957.94,No,Active,2026-06,2026,6428.14
ORD00790,CUST0333,2026-06-11,West,Mumbai,Office Supplies,Writing,1,412.47,0.0,412.47,922.35,Yes,Active,2026-06,2026,66.8
ORD00277,CUST0343,2026-06-11,North,Lucknow,Office Supplies,Paper,3,1390.78,0.0,1390.78,1039.88,Yes,Active,2026-06,2026,360.44
ORD00028,CUST0049,2026-06-11,South,Kochi,Electronics,Accessories,4,7361.18,0.16,6183.39,1987.78,No,Active,2026-06,2026,839.51
ORD00290,CUST0016,2026-06-11,East,Kolkata,Furniture,Tables,2,25602.49,0.2,20481.99,2360.65,No,Active,2026-06,2026,3864.62
ORD00820,CUST0320,2026-06-11,North,Jaipur,Furniture,Chairs,5,32793.75,0.05,31154.06,2200.7,No,Active,2026-06,2026,6579.86
ORD00118,CUST0312,2026-06-12,South,Kochi,Office Supplies,Writing,1,435.36,0.06,409.24,586.99,No,Active,2026-06,2026,68.91
ORD00580,CUST0256,2026-06-12,South,Kochi,Office Supplies,Writing,1,274.51,0.04,263.53,2416.15,Yes,Active,2026-06,2026,56.74
ORD00442,CUST0489,2026-06-12,East,Kolkata,Office Supplies,Paper,4,1735.62,0.14,1492.63,638.11,Yes,Active,2026-06,2026,416.25
ORD00782,CUST0036,2026-06-12,West,Surat,Office Supplies,Paper,3,1446.57,0.11,1287.45,852.17,No,Active,2026-06,2026,373.36
ORD00905,CUST0245,2026-06-12,West,Surat,Office Supplies,Writing,3,1239.42,0.14,1065.9,1413.97,No,Active,2026-06,2026,147.2
ORD00023,CUST0472,2026-06-12,South,Chennai,Furniture,Chairs,5,30861.46,0.19,24997.78,741.93,Yes,Active,2026-06,2026,4222.93
ORD00051,CUST0477,2026-06-13,West,Ahmedabad,Office Supplies,Paper,1,572.5,0.04,549.6,1893.65,No,Active,2026-06,2026,162.82
ORD00567,CUST0154,2026-06-13,South,Bengaluru,Office Supplies,Binders,3,1868.42,0.1,1681.58,1399.05,Yes,Active,2026-06,2026,283.64
ORD00646,CUST0341,2026-06-14,North,Lucknow,Electronics,Laptops,4,271657.75,0.06,255358.28,349.39,Yes,Active,2026-06,2026,62482.93
ORD01111,CUST0193,2026-06-14,North,Chandigarh,Furniture,Tables,1,9629.8,0.11,8570.52,314.36,No,Active,2026-06,2026,1419.46
ORD00007,CUST0435,2026-06-14,North,Delhi,Furniture,Chairs,1,6665.92,0.11,5932.67,767.01,No,Active,2026-06,2026,1092.48
ORD00064,CUST0108,2026-06-14,North,Lucknow,Furniture,Chairs,5,38555.64,0.08,35471.19,1531.38,No,Active,2026-06,2026,5477.82
ORD00171,CUST0409,2026-06-14,East,Patna,Office Supplies,Binders,1,743.87,0.01,736.43,1444.25,No,Active,2026-06,2026,201.88
ORD00260,CUST0478,2026-06-14,West,Ahmedabad,Furniture,Storage,1,6142.99,0.06,5774.41,1417.97,No,Active,2026-06,2026,1610.35
ORD00079,CUST0253,2026-06-15,West,Mumbai,Electronics,Mobiles,5,141768.09,0.16,119085.2,1556.93,No,Active,2026-06,2026,20654.64
ORD00302,CUST0468,2026-06-15,North,Chandigarh,Furniture,Storage,3,13629.79,0.03,13220.9,2063.39,No,Active,2026-06,2026,3546.46
ORD00009,CUST0099,2026-06-16,West,Mumbai,Electronics,Laptops,5,245061.09,0.14,210752.54,1344.39,No,Active,2026-06,2026,38880.37
ORD00970,CUST0245,2026-06-16,West,Surat,Electronics,Laptops,4,258199.64,0.16,216887.7,1052.45,Yes,Active,2026-06,2026,29892.22
ORD00791,CUST0050,2026-06-16,South,Kochi,Office Supplies,Binders,3,2560.65,0.07,2381.4,2268.71,No,Active,2026-06,2026,610.72
ORD00337,CUST0405,2026-06-17,North,Delhi,Electronics,Laptops,1,51830.15,0.07,48202.04,649.63,No,Active,2026-06,2026,10959.23
ORD01018,CUST0288,2026-06-17,West,Mumbai,Electronics,Mobiles,4,117211.15,0.03,113694.82,1340.33,No,Active,2026-06,2026,19258.63
ORD00960,CUST0316,2026-06-17,West,Mumbai,Office Supplies,Binders,2,1487.83,0.09,1353.93,1786.42,Yes,Active,2026-06,2026,224.13
ORD00749,CUST0386,2026-06-17,North,Jaipur,Electronics,Laptops,5,315051.59,0.15,267793.85,582.01,No,Active,2026-06,2026,79163.13
ORD00760,CUST0380,2026-06-17,West,Ahmedabad,Office Supplies,Binders,2,1374.94,0.04,1319.94,1793.33,No,Active,2026-06,2026,363.31
ORD00182,CUST0310,2026-06-18,West,Surat,Electronics,Laptops,5,232947.39,0.15,198005.28,987.97,Yes,Churned,2026-06,2026,52622.62
ORD01104,CUST0192,2026-06-18,North,Delhi,Electronics,Accessories,2,3222.46,0.19,2610.19,1864.78,No,Active,2026-06,2026,373.37
ORD00126,CUST0356,2026-06-19,East,Kolkata,Electronics,Mobiles,2,42293.82,0.15,35949.75,2255.48,No,Active,2026-06,2026,9200.75
ORD01182,CUST0240,2026-06-20,East,Kolkata,Office Supplies,Paper,4,1837.98,0.08,1690.94,1949.12,No,Active,2026-06,2026,268.21
ORD01130,CUST0271,2026-06-20,South,Bengaluru,Electronics,Mobiles,1,26491.74,0.15,22517.98,420.53,Yes,Active,2026-06,2026,6663.75
ORD00658,CUST0145,2026-06-20,West,Mumbai,Furniture,Storage,2,11339.85,0.12,9979.07,1682.53,No,Active,2026-06,2026,1291.05
ORD00897,CUST0026,2026-06-21,South,Bengaluru,Furniture,Storage,1,4707.21,0.14,4048.2,674.57,Yes,Active,2026-06,2026,742.38
ORD01015,CUST0388,2026-06-21,North,Chandigarh,Office Supplies,Writing,1,357.45,0.04,343.15,950.81,No,Active,2026-06,2026,67.65
ORD00012,CUST0051,2026-06-21,West,Surat,Furniture,Tables,5,62466.58,0.18,51222.6,2279.12,No,Active,2026-06,2026,13745.92
ORD01180,CUST0070,2026-06-22,West,Surat,Office Supplies,Writing,1,352.43,0.17,292.52,1948.94,No,Active,2026-06,2026,75.45
ORD00705,CUST0424,2026-06-24,North,Lucknow,Office Supplies,Writing,1,332.02,0.16,278.9,1686.92,No,Active,2026-06,2026,52.29
ORD00475,CUST0122,2026-06-24,West,Mumbai,Office Supplies,Writing,5,1436.74,0.07,1336.17,329.5,No,Active,2026-06,2026,296.36
ORD00179,CUST0244,2026-06-24,North,Chandigarh,Electronics,Accessories,4,8828.7,0.1,7945.83,2074.91,No,Active,2026-06,2026,2148.61
ORD00222,CUST0009,2026-06-25,West,Mumbai,Furniture,Storage,4,20796.19,0.09,18924.53,2358.65,Yes,Active,2026-06,2026,2332.94
ORD01081,CUST0042,2026-06-25,West,Pune,Electronics,Accessories,2,2835.54,0.12,2495.28,1450.01,No,Active,2026-06,2026,659.73
ORD00466,CUST0408,2026-06-25,West,Pune,Office Supplies,Writing,1,346.01,0.04,332.17,924.24,No,Active,2026-06,2026,96.48
ORD00505,CUST0494,2026-06-26,West,Ahmedabad,Furniture,Storage,4,19740.06,0.13,17173.85,1007.39,No,Active,2026-06,2026,2159.98
ORD00754,CUST0426,2026-06-26,South,Kochi,Office Supplies,Paper,3,1683.62,0.03,1633.11,1524.7,No,Active,2026-06,2026,209.37
ORD01148,CUST0470,2026-06-26,South,Bengaluru,Electronics,Laptops,4,232121.56,0.1,208909.4,2477.42,No,Active,2026-06,2026,38024.13
ORD01106,CUST0177,2026-06-26,East,Kolkata,Electronics,Accessories,4,5802.96,0.2,4642.37,373.8,No,Active,2026-06,2026,630.43
ORD00849,CUST0258,2026-06-26,West,Ahmedabad,Furniture,Tables,3,25158.62,0.08,23145.93,1998.6,No,Active,2026-06,2026,4774.3
ORD00160,CUST0234,2026-06-27,East,Patna,Furniture,Chairs,5,31120.78,0.1,28008.7,686.28,No,Active,2026-06,2026,7034.89
ORD00972,CUST0268,2026-06-27,West,Pune,Electronics,Mobiles,4,137317.36,0.1,123585.62,904.56,Yes,Active,2026-06,2026,27441.18
ORD01140,CUST0418,2026-06-28,North,Delhi,Furniture,Tables,1,10411.0,0.17,8641.13,1540.51,No,Active,2026-06,2026,1342.47
ORD00711,CUST0470,2026-06-28,West,Surat,Electronics,Mobiles,3,87425.7,0.05,83054.41,1870.58,Yes,Churned,2026-06,2026,19755.82
ORD00263,CUST0141,2026-06-29,North,Delhi,Electronics,Mobiles,3,82305.07,0.02,80658.97,1684.12,No,Active,2026-06,2026,19622.21
ORD00370,CUST0341,2026-06-30,West,Pune,Furniture,Chairs,4,21289.19,0.12,18734.49,1820.86,Yes,Active,2026-06,2026,5392.54
ORD01048,CUST0345,2026-06-30,North,Lucknow,Office Supplies,Binders,1,688.41,0.04,660.87,768.37,Yes,Active,2026-06,2026,96.77
